ob_end_time, id_type, id, ob_hour_count, version_num, met_domain_name, src_id, rec_st_ind, max_air_temp, min_air_temp, min_grss_temp, min_conc_temp, max_air_temp_q, min_air_temp_q, min_grss_temp_q, min_conc_temp_q, meto_stmp_time, midas_stmp_etime, max_air_temp_j, min_air_temp_j, min_grss_temp_j, min_conc_temp_j
2015-11-01 09:00, DCNN, 4036, 12, 1, NCM, 513, 1011, 12, 6.6, 5, 6.4, 1, 1, 1, 1, 2015-11-01 08:55, 0, , , ,
2015-11-01 09:00, DCNN, 4044, 24, 1, DLY3208, 2710, 1011, 15, 7.8, 5.6, , 1, 1, 1, , 2015-11-11 14:11, 0, , , ,
2015-11-01 09:00, DCNN, 4045, 12, 1, AWSDLY, 516, 1011, 11.5, 9, 6, , 6, 6, 6, , 2015-11-01 09:06, 0, , , ,
2015-11-01 09:00, DCNN, 4058, 12, 1, NCM, 56958, 1011, 12.4, 7, 5.5, , 1, 1, 1, , 2015-11-01 08:57, 0, , , ,
2015-11-01 09:00, DCNN, 4065, 12, 1, AWSDLY, 529, 1011, 11.7, 8.5, 5.6, , 6, 6, 6, , 2015-11-01 09:03, 0, , , ,
2015-11-01 09:00, DCNN, 4077, 12, 1, AWSDLY, 534, 1011, 10.4, 7.4, 5.4, 6.7, 6, 6, 6, 6, 2015-11-01 08:58, 0, , , ,
2015-11-01 21:00, DCNN, 4036, 12, 1, NCM, 513, 1011, 18.2, 9.1, , , 1, 1, , , 2015-11-01 21:00, 0, , , ,
2015-11-01 21:00, DCNN, 4045, 12, 1, AWSDLY, 516, 1011, 18.3, 9.3, , , 6, 6, , , 2015-11-01 21:02, 0, , , ,
2015-11-01 21:00, DCNN, 4058, 12, 1, NCM, 56958, 1011, 18.5, 9.3, , , 1, 1, , , 2015-11-01 20:58, 0, , , ,
2015-11-01 21:00, DCNN, 4065, 12, 1, AWSDLY, 529, 1011, 17.1, 8.5, , , 6, 6, , , 2015-11-01 21:02, 0, , , ,
2015-11-01 21:00, DCNN, 4077, 12, 0, AWSDLY, 534, 1012, 12.8, 9.4, , , 1, 151, , , 2015-11-01 20:57, 0, , , ,
2015-11-01 21:00, DCNN, 4077, 12, 1, AWSDLY, 534, 1011, 12.8, 9.3, , , 6, 1006, , , 2015-11-01 20:57, 0, , , ,
2015-11-02 09:00, DCNN, 4036, 12, 1, NCM, 513, 1011, 9.7, 3.4, 1.1, 2.7, 1, 1, 1, 1, 2015-11-02 08:56, 0, , , ,
2015-11-02 09:00, DCNN, 4044, 24, 1, DLY3208, 2710, 1011, 18.7, 7.8, 5.8, , 1, 1, 1, , 2015-11-11 14:14, 0, , , ,
2015-11-02 09:00, DCNN, 4045, 12, 1, AWSDLY, 516, 1011, 10.3, 7.1, 6.7, , 6, 6, 6, , 2015-11-02 09:03, 0, , , ,
2015-11-02 09:00, DCNN, 4058, 12, 1, NCM, 56958, 1011, 12.2, 6.3, 3.4, , 1, 1, 1, , 2015-11-02 09:03, 0, , , ,
2015-11-02 09:00, DCNN, 4065, 12, 1, AWSDLY, 529, 1011, 10.4, 6.1, 5.9, , 6, 6, 6, , 2015-11-02 09:02, 0, , , ,
2015-11-02 09:00, DCNN, 4077, 12, 1, AWSDLY, 534, 1011, 9.6, 8.4, 8.6, 9.2, 6, 6, 6, 6, 2015-11-02 08:57, 0, , , ,
2015-11-02 21:00, DCNN, 4036, 12, 0, NCM, 513, 1012, 11.9, 6.6, , , 1, 151, , , 2015-11-02 20:57, 0, , , ,
2015-11-02 21:00, DCNN, 4036, 12, 1, NCM, 513, 1011, 11.9, 6.3, , , 1, 1501, , , 2015-11-02 20:57, 0, , , ,
2015-11-02 21:00, DCNN, 4045, 12, 1, AWSDLY, 516, 1011, 10, 7.2, , , 6, 6, , , 2015-11-02 21:05, 0, , , ,
2015-11-02 21:00, DCNN, 4058, 12, 1, NCM, 56958, 1011, 11.3, 7.2, , , 1, 1, , , 2015-11-02 20:59, 0, , , ,
2015-11-02 21:00, DCNN, 4065, 12, 0, AWSDLY, 529, 1012, 10.2, 7.2, , , 1, 151, , , 2015-11-02 21:02, 0, , , ,
2015-11-02 21:00, DCNN, 4065, 12, 1, AWSDLY, 529, 1011, 10.2, 7.1, , , 6, 1006, , , 2015-11-02 21:02, 0, , , ,
2015-11-02 21:00, DCNN, 4077, 12, 1, AWSDLY, 534, 1011, 9.7, 7.8, , , 6, 6, , , 2015-11-02 20:57, 0, , , ,
2015-11-03 09:00, DCNN, 4036, 12, 1, NCM, 513, 1011, 6.7, 3.8, 2, 4.2, 1, 1, 1, 1, 2015-11-03 08:56, 0, , , ,
2015-11-03 09:00, DCNN, 4044, 24, 1, DLY3208, 2710, 1011, 15.5, 5.7, 4.6, , 1, 1, 1, , 2015-11-11 14:17, 0, , , ,
2015-11-03 09:00, DCNN, 4045, 12, 1, AWSDLY, 516, 1011, 8.7, 5.3, 5.6, , 6, 6, 6, , 2015-11-03 09:02, 0, , , ,
2015-11-03 09:00, DCNN, 4058, 12, 1, NCM, 56958, 1011, 7.2, 3.9, 4.2, , 1, 1, 1, , 2015-11-03 08:58, 0, , , ,
2015-11-03 09:00, DCNN, 4065, 12, 1, AWSDLY, 529, 1011, 7.7, 6.4, 6.6, , 6, 6, 6, , 2015-11-03 09:02, 0, , , ,
2015-11-03 09:00, DCNN, 4077, 12, 1, AWSDLY, 534, 1011, 8.6, 6.4, 6.8, 7.6, 6, 6, 6, 6, 2015-11-03 08:58, 0, , , ,
2015-11-03 21:00, DCNN, 4036, 12, 0, NCM, 513, 1012, 7.9, 5.7, , , 1, 151, , , 2015-11-03 20:58, 0, , , ,
2015-11-03 21:00, DCNN, 4036, 12, 1, NCM, 513, 1011, 7.9, 5.6, , , 1, 1501, , , 2015-11-03 20:58, 0, , , ,
2015-11-03 21:00, DCNN, 4045, 12, 1, AWSDLY, 516, 1011, 8.7, 6.5, , , 6, 6, , , 2015-11-03 21:02, 0, , , ,
2015-11-03 21:00, DCNN, 4058, 12, 1, NCM, 56958, 1011, 7.9, 5.5, , , 1, 1, , , 2015-11-03 20:58, 0, , , ,
2015-11-03 21:00, DCNN, 4065, 12, 1, AWSDLY, 529, 1011, 9.1, 7.5, , , 6, 6, , , 2015-11-03 21:01, 0, , , ,
2015-11-03 21:00, DCNN, 4077, 12, 1, AWSDLY, 534, 1011, 8.9, 7.5, , , 6, 6, , , 2015-11-03 21:00, 0, , , ,
2015-11-04 09:00, DCNN, 4036, 12, 1, NCM, 513, 1011, 8.8, 7.8, 7.7, 8.2, 1, 1, 1, 1, 2015-11-04 08:56, 0, , , ,
2015-11-04 09:00, DCNN, 4044, 24, 1, DLY3208, 2710, 1011, 14.8, 6.9, 4.7, , 1, 1, 1, , 2015-11-11 14:18, 0, , , ,
2015-11-04 09:00, DCNN, 4045, 12, 1, AWSDLY, 516, 1011, 9.5, 8.5, 8.4, , 6, 6, 6, , 2015-11-04 09:02, 0, , , ,
2015-11-04 09:00, DCNN, 4058, 12, 1, NCM, 56958, 1011, 8.6, 7.6, 6.8, , 1, 1, 1, , 2015-11-04 08:56, 0, , , ,
2015-11-04 09:00, DCNN, 4065, 12, 1, AWSDLY, 529, 1011, 9.7, 8.7, 8.6, , 6, 6, 6, , 2015-11-04 09:02, 0, , , ,
2015-11-04 09:00, DCNN, 4077, 12, 1, AWSDLY, 534, 1011, 9.6, 8.7, 8.7, 9.1, 6, 6, 6, 6, 2015-11-04 08:58, 0, , , ,
2015-11-04 21:00, DCNN, 4036, 12, 1, NCM, 513, 1011, 10.4, 7.1, , , 1, 1, , , 2015-11-04 20:54, 0, , , ,
2015-11-04 21:00, DCNN, 4045, 12, 1, AWSDLY, 516, 1011, 11.4, 9.3, , , 6, 6, , , 2015-11-04 21:02, 0, , , ,
2015-11-04 21:00, DCNN, 4058, 12, 1, NCM, 56958, 1011, 11.1, 8.5, , , 1, 1, , , 2015-11-04 20:57, 0, , , ,
2015-11-04 21:00, DCNN, 4065, 12, 1, AWSDLY, 529, 1011, 12.7, 9.7, , , 6, 6, , , 2015-11-04 21:02, 0, , , ,
2015-11-04 21:00, DCNN, 4077, 12, 1, AWSDLY, 534, 1011, 12, 9.6, , , 6, 6, , , 2015-11-04 20:58, 0, , , ,
2015-11-05 09:00, DCNN, 4036, 12, 1, NCM, 513, 1011, 10.7, 8.7, 5.2, 6.9, 1, 1, 1, 1, 2015-11-05 08:53, 0, , , ,
2015-11-05 09:00, DCNN, 4044, 24, 1, DLY3208, 2710, 1011, 13.7, 6.7, 5.3, , 1, 1, 1, , 2015-11-11 14:20, 0, , , ,
2015-11-05 09:00, DCNN, 4045, 12, 1, AWSDLY, 516, 1011, 11.4, 8.1, 4.7, , 6, 6, 6, , 2015-11-05 09:04, 0, , , ,
2015-11-05 09:00, DCNN, 4058, 12, 1, NCM, 56958, 1011, 11, 9, 7.3, , 1, 1, 1, , 2015-11-05 08:58, 0, , , ,
2015-11-05 09:00, DCNN, 4065, 12, 1, AWSDLY, 529, 1011, 11.6, 8.3, 2.9, , 6, 6, 6, , 2015-11-05 09:02, 0, , , ,
2015-11-05 09:00, DCNN, 4077, 12, 1, AWSDLY, 534, 1011, 10.9, 8.3, 4, 6.3, 6, 6, 6, 6, 2015-11-05 08:57, 0, , , ,
2015-11-05 21:00, DCNN, 4036, 12, 1, NCM, 513, 1011, 13.2, 9.8, , , 1, 1, , , 2015-11-05 20:54, 0, , , ,
2015-11-05 21:00, DCNN, 4045, 12, 1, AWSDLY, 516, 1011, 13.7, 10.2, , , 6, 6, , , 2015-11-05 21:02, 0, , , ,
2015-11-05 21:00, DCNN, 4058, 12, 1, NCM, 56958, 1011, 13.5, 10.7, , , 1, 1, , , 2015-11-05 20:56, 0, , , ,
2015-11-05 21:00, DCNN, 4065, 12, 1, AWSDLY, 529, 1011, 14.4, 11.6, , , 6, 6, , , 2015-11-05 21:02, 0, , , ,
2015-11-05 21:00, DCNN, 4077, 12, 1, AWSDLY, 534, 1011, 14, 10.9, , , 6, 6, , , 2015-11-05 20:57, 0, , , ,
2015-11-06 09:00, DCNN, 4036, 12, 1, NCM, 513, 1011, 12.7, 11, 10.2, 9.9, 1, 1, 1, 1, 2015-11-06 08:54, 0, , , ,
2015-11-06 09:00, DCNN, 4044, 24, 1, DLY3208, 2710, 1011, 15.5, 11.1, 5.2, , 1, 1, 1, , 2015-11-11 14:22, 0, , , ,
2015-11-06 09:00, DCNN, 4045, 12, 1, AWSDLY, 516, 1011, 13.5, 11.7, 10.9, , 6, 6, 6, , 2015-11-06 09:03, 0, , , ,
2015-11-06 09:00, DCNN, 4058, 12, 1, NCM, 56958, 1011, 13, 11, 9.9, , 1, 1, 1, , 2015-11-06 08:58, 0, , , ,
2015-11-06 09:00, DCNN, 4065, 12, 1, AWSDLY, 529, 1011, 14, 11.5, 8.7, , 6, 6, 6, , 2015-11-06 09:03, 0, , , ,
2015-11-06 09:00, DCNN, 4077, 12, 1, AWSDLY, 534, 1011, 13.6, 11, 9, 9.6, 6, 6, 6, 6, 2015-11-06 08:57, 0, , , ,
2015-11-06 21:00, DCNN, 4036, 12, 1, NCM, 513, 1011, 14.2, 11.1, , , 1, 1, , , 2015-11-06 20:55, 0, , , ,
2015-11-06 21:00, DCNN, 4045, 12, 1, AWSDLY, 516, 1011, 15.4, 11.7, , , 6, 6, , , 2015-11-06 21:02, 0, , , ,
2015-11-06 21:00, DCNN, 4058, 12, 0, NCM, 56958, 1012, 13.3, 11.4, , , 2001, 2001, , , 2015-11-10 14:51, 0, , , ,
2015-11-06 21:00, DCNN, 4058, 12, 1, NCM, 56958, 1022, 14.8, 11.4, , , 2301, 2001, , , 2015-11-11 09:15, 0, , , ,
2015-11-06 21:00, DCNN, 4065, 12, 1, AWSDLY, 529, 1011, 16.6, 12, , , 6, 6, , , 2015-11-06 21:03, 0, , , ,
2015-11-06 21:00, DCNN, 4077, 12, 1, AWSDLY, 534, 1011, 16.2, 12.2, , , 6, 6, , , 2015-11-06 20:57, 0, , , ,
2015-11-07 09:00, DCNN, 4036, 12, 1, NCM, 513, 1011, 11.7, 9.1, 7.6, 7.3, 1, 1, 1, 1, 2015-11-07 08:56, 0, , , ,
2015-11-07 09:00, DCNN, 4044, 24, 1, DLY3208, 2710, 1011, 17.1, 10, 7.8, , 1, 1, 1, , 2015-11-11 14:24, 0, , , ,
2015-11-07 09:00, DCNN, 4045, 12, 0, AWSDLY, 516, 1012, 12.5, 10, 6.8, , 151, 1, 1, , 2015-11-07 09:03, 0, , , ,
2015-11-07 09:00, DCNN, 4045, 12, 1, AWSDLY, 516, 1011, 12.6, 10, 6.8, , 1006, 6, 6, , 2015-11-07 09:03, 0, , , ,
2015-11-07 09:00, DCNN, 4058, 12, 1, NCM, 56958, 1011, 12.1, 9.3, 8.2, , 1, 1, 1, , 2015-11-07 08:58, 0, , , ,
2015-11-07 09:00, DCNN, 4065, 12, 1, AWSDLY, 529, 1011, 13.8, 10, 5.6, , 6, 6, 6, , 2015-11-07 09:03, 0, , , ,
2015-11-07 09:00, DCNN, 4077, 12, 1, AWSDLY, 534, 1011, 13.7, 9.2, 7.7, 7.5, 6, 6, 6, 6, 2015-11-07 08:57, 0, , , ,
2015-11-07 21:00, DCNN, 4036, 12, 1, NCM, 513, 1011, 14.8, 8.5, , , 1, 1, , , 2015-11-07 20:56, 0, , , ,
2015-11-07 21:00, DCNN, 4045, 12, 1, AWSDLY, 516, 1011, 16, 9.5, , , 6, 6, , , 2015-11-07 21:03, 0, , , ,
2015-11-07 21:00, DCNN, 4058, 12, 1, NCM, 56958, 1011, 15.3, 8.6, , , 1, 1, , , 2015-11-07 20:59, 0, , , ,
2015-11-07 21:00, DCNN, 4065, 12, 1, AWSDLY, 529, 1011, 17.6, 10.3, , , 6, 6, , , 2015-11-07 21:02, 0, , , ,
2015-11-07 21:00, DCNN, 4077, 12, 1, AWSDLY, 534, 1011, 17.1, 9.9, , , 6, 6, , , 2015-11-07 20:58, 0, , , ,
2015-11-08 09:00, DCNN, 4036, 12, 1, NCM, 513, 1011, 8.8, 5, 2.3, 3.9, 1, 1, 1, 1, 2015-11-08 08:54, 0, , , ,
2015-11-08 09:00, DCNN, 4044, 24, 1, DLY3208, 2710, 1011, 17.2, 6.8, 3.8, , 1, 1, 1, , 2015-11-11 14:32, 0, , , ,
2015-11-08 09:00, DCNN, 4045, 12, 1, AWSDLY, 516, 1011, 10.1, 6.4, 2.3, , 6, 6, 6, , 2015-11-08 09:03, 0, , , ,
2015-11-08 09:00, DCNN, 4058, 12, 1, NCM, 56958, 1011, 9.1, 6, 4.7, , 1, 1, 1, , 2015-11-08 08:58, 0, , , ,
2015-11-08 09:00, DCNN, 4065, 12, 1, AWSDLY, 529, 1011, 10.5, 6.5, 2.7, , 6, 6, 6, , 2015-11-08 09:02, 0, , , ,
2015-11-08 09:00, DCNN, 4077, 12, 0, AWSDLY, 534, 1012, 10.1, 6.3, 3.8, 5.1, 151, 1, 1, 1, 2015-11-08 08:57, 0, , , ,
2015-11-08 09:00, DCNN, 4077, 12, 1, AWSDLY, 534, 1011, 10.2, 6.3, 3.8, 5.1, 1006, 6, 6, 6, 2015-11-08 08:57, 0, , , ,
2015-11-08 21:00, DCNN, 4036, 12, 1, NCM, 513, 1011, 13.9, 7.6, , , 1, 1, , , 2015-11-08 20:56, 0, , , ,
2015-11-08 21:00, DCNN, 4045, 12, 1, AWSDLY, 516, 1011, 15.2, 7.3, , , 6, 6, , , 2015-11-08 21:02, 0, , , ,
2015-11-08 21:00, DCNN, 4058, 12, 1, NCM, 56958, 1011, 14.6, 8.1, , , 1, 1, , , 2015-11-08 20:58, 0, , , ,
2015-11-08 21:00, DCNN, 4065, 12, 1, AWSDLY, 529, 1011, 15.4, 8.8, , , 6, 6, , , 2015-11-08 21:02, 0, , , ,
2015-11-08 21:00, DCNN, 4077, 12, 1, AWSDLY, 534, 1011, 15.2, 7.1, , , 6, 6, , , 2015-11-08 20:57, 0, , , ,
2015-11-09 09:00, DCNN, 4036, 12, 1, NCM, 513, 1011, 9.1, 5.6, 4.2, 3.7, 1, 1, 1, 1, 2015-11-09 08:56, 0, , , ,
2015-11-09 09:00, DCNN, 4044, 24, 1, DLY3208, 2710, 1011, 17.5, 7.4, 3.8, , 1, 1, 1, , 2015-11-11 14:35, 0, , , ,
2015-11-09 09:00, DCNN, 4045, 12, 1, AWSDLY, 516, 1011, 9.9, 6.7, 2.8, , 6, 6, 6, , 2015-11-09 09:03, 0, , , ,
2015-11-09 09:00, DCNN, 4058, 12, 1, NCM, 56958, 1011, 9.1, 6.1, 5, , 1, 1, 1, , 2015-11-10 12:07, 0, , , ,
2015-11-09 09:00, DCNN, 4065, 12, 1, AWSDLY, 529, 1011, 11.4, 6.4, 3.7, , 6, 6, 6, , 2015-11-09 09:02, 0, , , ,
2015-11-09 09:00, DCNN, 4077, 12, 1, AWSDLY, 534, 1011, 10.9, 6.8, 4.4, 4.4, 6, 6, 6, 6, 2015-11-09 08:58, 0, , , ,
2015-11-09 21:00, DCNN, 4036, 12, 1, NCM, 513, 1011, 14, 9.1, , , 1, 1, , , 2015-11-09 20:55, 0, , , ,
2015-11-09 21:00, DCNN, 4045, 12, 1, AWSDLY, 516, 1011, 15, 9.9, , , 6, 6, , , 2015-11-09 21:02, 0, , , ,
2015-11-09 21:00, DCNN, 4058, 12, 1, NCM, 56958, 1011, 14.3, 9, , , 1, 1, , , 2015-11-10 12:16, 0, , , ,
2015-11-09 21:00, DCNN, 4065, 12, 0, AWSDLY, 529, 1012, 15.8, 11.5, , , 1, 151, , , 2015-11-09 21:04, 0, , , ,
2015-11-09 21:00, DCNN, 4065, 12, 1, AWSDLY, 529, 1011, 15.8, 11.4, , , 6, 1006, , , 2015-11-09 21:04, 0, , , ,
2015-11-09 21:00, DCNN, 4077, 12, 1, AWSDLY, 534, 1011, 15.9, 10.8, , , 6, 6, , , 2015-11-09 21:00, 0, , , ,
2015-11-10 09:00, DCNN, 4036, 12, 1, NCM, 513, 1011, 14.4, 13.7, 12, 11.1, 1, 1, 1, 1, 2015-11-10 08:56, 0, , , ,
2015-11-10 09:00, DCNN, 4044, 24, 1, DLY3208, 2710, 1011, 18.6, 8.2, 7.3, , 1, 1, 1, , 2015-11-11 14:39, 0, , , ,
2015-11-10 09:00, DCNN, 4045, 12, 1, AWSDLY, 516, 1011, 15.5, 14.8, 12.3, , 6, 6, 6, , 2015-11-10 09:02, 0, , , ,
2015-11-10 09:00, DCNN, 4058, 12, 1, NCM, 56958, 1011, 14.6, 13.8, 12.5, , 1, 1, 1, , 2015-11-10 12:25, 0, , , ,
2015-11-10 09:00, DCNN, 4065, 12, 1, AWSDLY, 529, 1011, 16.2, 15.5, 14.1, , 6, 6, 6, , 2015-11-10 09:03, 0, , , ,
2015-11-10 09:00, DCNN, 4077, 12, 1, AWSDLY, 534, 1011, 16.3, 15.5, 14, 12.9, 6, 6, 6, 6, 2015-11-10 08:59, 0, , , ,
2015-11-10 21:00, DCNN, 4036, 12, 1, NCM, 513, 1011, 15.2, 13.4, , , 1, 1, , , 2015-11-10 20:58, 0, , , ,
2015-11-10 21:00, DCNN, 4045, 12, 1, AWSDLY, 516, 1011, 16.8, 14.7, , , 6, 6, , , 2015-11-10 21:03, 0, , , ,
2015-11-10 21:00, DCNN, 4058, 12, 1, NCM, 56958, 1011, 15.9, 13.6, , , 1, 1, , , 2015-11-10 20:58, 0, , , ,
2015-11-10 21:00, DCNN, 4065, 12, 1, AWSDLY, 529, 1011, 17.8, 15.2, , , 6, 6, , , 2015-11-10 21:01, 0, , , ,
2015-11-10 21:00, DCNN, 4077, 12, 1, AWSDLY, 534, 1011, 17.5, 15.1, , , 6, 6, , , 2015-11-10 20:58, 0, , , ,
2015-11-11 09:00, DCNN, 4036, 12, 1, NCM, 513, 1011, 13.6, 11.4, 10.6, 9.9, 1, 1, 1, 1, 2015-11-11 08:55, 0, , , ,
2015-11-11 09:00, DCNN, 4045, 12, 1, AWSDLY, 516, 1011, 14.8, 12.7, 11, , 6, 6, 6, , 2015-11-11 09:02, 0, , , ,
2015-11-11 09:00, DCNN, 4058, 12, 1, NCM, 56958, 1011, 13.8, 11.4, 10.6, , 1, 1, 1, , 2015-11-11 08:58, 0, , , ,
2015-11-11 09:00, DCNN, 4065, 12, 1, AWSDLY, 529, 1011, 15.6, 13.2, 11.6, , 6, 6, 6, , 2015-11-11 09:04, 0, , , ,
2015-11-11 09:00, DCNN, 4077, 12, 1, AWSDLY, 534, 1011, 15.5, 13.3, 12.1, 11.5, 6, 6, 6, 6, 2015-11-11 08:58, 0, , , ,
2015-11-11 21:00, DCNN, 4036, 12, 1, NCM, 513, 1011, 13.5, 10.5, , , 1, 1, , , 2015-11-11 20:53, 0, , , ,
2015-11-11 21:00, DCNN, 4045, 12, 1, AWSDLY, 516, 1011, 14.8, 11.4, , , 6, 6, , , 2015-11-11 21:02, 0, , , ,
2015-11-11 21:00, DCNN, 4058, 12, 1, NCM, 56958, 1011, 14.4, 10.2, , , 1, 1, , , 2015-11-11 20:58, 0, , , ,
2015-11-11 21:00, DCNN, 4065, 12, 1, AWSDLY, 529, 1011, 15.8, 12.4, , , 6, 6, , , 2015-11-11 21:03, 0, , , ,
2015-11-11 21:00, DCNN, 4077, 12, 1, AWSDLY, 534, 1011, 15.6, 12.3, , , 6, 6, , , 2015-11-11 20:58, 0, , , ,
2015-11-12 09:00, DCNN, 4036, 12, 1, NCM, 513, 1011, 10.6, 6.4, 3.8, 4.1, 1, 1, 1, 1, 2015-11-12 08:56, 0, , , ,
2015-11-12 09:00, DCNN, 4045, 12, 1, AWSDLY, 516, 1011, 11.4, 7.4, 3.4, , 6, 6, 6, , 2015-11-12 09:05, 0, , , ,
2015-11-12 09:00, DCNN, 4058, 12, 1, NCM, 56958, 1011, 10.4, 7.9, 6.2, , 1, 1, 1, , 2015-11-12 08:59, 0, , , ,
2015-11-12 09:00, DCNN, 4065, 12, 1, AWSDLY, 529, 1011, 12.4, 7.9, 3.2, , 6, 6, 6, , 2015-11-12 09:05, 0, , , ,
2015-11-12 09:00, DCNN, 4077, 12, 1, AWSDLY, 534, 1011, 12.4, 7.3, 4.9, 5.1, 6, 6, 6, 6, 2015-11-12 08:58, 0, , , ,
2015-11-12 21:00, DCNN, 4036, 12, 0, NCM, 513, 1012, 12.9, 7.8, , , 1, 151, , , 2015-11-12 20:56, 0, , , ,
2015-11-12 21:00, DCNN, 4036, 12, 1, NCM, 513, 1011, 12.9, 7.7, , , 1, 1501, , , 2015-11-12 20:56, 0, , , ,
2015-11-12 21:00, DCNN, 4045, 12, 1, AWSDLY, 516, 1011, 14.4, 8.7, , , 6, 6, , , 2015-11-12 21:03, 0, , , ,
2015-11-12 21:00, DCNN, 4058, 12, 1, NCM, 56958, 1011, 13.4, 9, , , 1, 1, , , 2015-11-12 20:58, 0, , , ,
2015-11-12 21:00, DCNN, 4065, 12, 1, AWSDLY, 529, 1011, 14.7, 9.6, , , 6, 6, , , 2015-11-12 21:53, 189, , , ,
2015-11-12 21:00, DCNN, 4077, 12, 1, AWSDLY, 534, 1011, 13.8, 8.5, , , 6, 6, , , 2015-11-12 20:57, 0, , , ,
2015-11-13 09:00, DCNN, 4036, 12, 1, NCM, 513, 1011, 9.6, 4, 3.5, 3.2, 1, 1, 1, 1, 2015-11-13 08:56, 0, , , ,
2015-11-13 09:00, DCNN, 4045, 12, 1, AWSDLY, 516, 1011, 10.6, 5.4, 2.7, , 6, 6, 6, , 2015-11-13 09:03, 0, , , ,
2015-11-13 09:00, DCNN, 4058, 12, 1, NCM, 56958, 1011, 9.4, 4.4, 3.4, , 1, 1, 1, , 2015-11-13 08:57, 0, , , ,
2015-11-13 09:00, DCNN, 4065, 12, 1, AWSDLY, 529, 1011, 11.6, 6.4, 5, , 6, 6, 6, , 2015-11-13 09:02, 0, , , ,
2015-11-13 09:00, DCNN, 4077, 12, 1, AWSDLY, 534, 1011, 11.6, 6.3, 5.1, 4.6, 6, 6, 6, 6, 2015-11-13 08:58, 0, , , ,
2015-11-13 21:00, DCNN, 4036, 12, 1, NCM, 513, 1011, 6.2, 2.8, , , 1, 1, , , 2015-11-13 20:56, 0, , , ,
2015-11-13 21:00, DCNN, 4045, 12, 1, AWSDLY, 516, 1011, 7.7, 4, , , 6, 6, , , 2015-11-13 21:02, 0, , , ,
2015-11-13 21:00, DCNN, 4058, 12, 1, NCM, 56958, 1011, 7.1, 3.1, , , 1, 1, , , 2015-11-13 20:58, 0, , , ,
2015-11-13 21:00, DCNN, 4065, 12, 1, AWSDLY, 529, 1011, 9.1, 4.8, , , 6, 6, , , 2015-11-13 21:03, 0, , , ,
2015-11-13 21:00, DCNN, 4077, 12, 1, AWSDLY, 534, 1011, 8.3, 4.6, , , 6, 6, , , 2015-11-13 20:57, 0, , , ,
2015-11-14 09:00, DCNN, 4036, 12, 1, NCM, 513, 1011, 6, 3.5, 2, .8, 1, 1, 1, 151, 2015-11-14 08:54, 0, , , ,
2015-11-14 09:00, DCNN, 4045, 12, 1, AWSDLY, 516, 1011, 7.2, 4.8, 1.9, , 6, 6, 6, , 2015-11-14 09:03, 0, , , ,
2015-11-14 09:00, DCNN, 4058, 12, 1, NCM, 56958, 1011, 6, 3.7, 2.7, , 1, 1, 1, , 2015-11-14 08:56, 0, , , ,
2015-11-14 09:00, DCNN, 4065, 12, 1, AWSDLY, 529, 1011, 7.3, 5, 3.1, , 6, 6, 6, , 2015-11-14 09:03, 0, , , ,
2015-11-14 09:00, DCNN, 4077, 12, 1, AWSDLY, 534, 1011, 7.5, 5.4, 3.6, 3.3, 6, 6, 6, 6, 2015-11-14 08:57, 0, , , ,
2015-11-14 21:00, DCNN, 4036, 12, 1, NCM, 513, 1011, 12.1, 5.5, , , 1, 1, , , 2015-11-14 20:56, 0, , , ,
2015-11-14 21:00, DCNN, 4045, 12, 1, AWSDLY, 516, 1011, 12.6, 6.6, , , 6, 6, , , 2015-11-14 21:03, 0, , , ,
2015-11-14 21:00, DCNN, 4058, 12, 1, NCM, 56958, 1011, 12.2, 5.9, , , 1, 1, , , 2015-11-14 20:56, 0, , , ,
2015-11-14 21:00, DCNN, 4065, 12, 1, AWSDLY, 529, 1011, 13.6, 7.2, , , 6, 6, , , 2015-11-14 21:04, 0, , , ,
2015-11-14 21:00, DCNN, 4077, 12, 1, AWSDLY, 534, 1011, 8.7, 6.9, , , 6, 6, , , 2015-11-14 20:57, 0, , , ,
2015-11-15 09:00, DCNN, 4036, 12, 1, NCM, 513, 1011, 13.4, 12.1, 7.5, 7, 1, 1, 1, 1, 2015-11-15 08:57, 0, , , ,
2015-11-15 09:00, DCNN, 4045, 12, 1, AWSDLY, 516, 1011, 14.1, 12.6, 7.1, , 6, 6, 6, , 2015-11-15 09:04, 0, , , ,
2015-11-15 09:00, DCNN, 4058, 12, 1, NCM, 56958, 1011, 13, 12.1, 8.1, , 1, 1, 1, , 2015-11-15 08:59, 0, , , ,
2015-11-15 09:00, DCNN, 4065, 12, 1, AWSDLY, 529, 1011, 14.8, 13.5, 7.9, , 6, 6, 6, , 2015-11-15 09:04, 0, , , ,
2015-11-15 09:00, DCNN, 4077, 12, 1, AWSDLY, 534, 1011, 14.6, 8.6, 7.6, 7.7, 6, 6, 6, 6, 2015-11-15 08:58, 0, , , ,
2015-11-15 21:00, DCNN, 4036, 12, 1, NCM, 513, 1011, 14.2, 12.4, , , 1, 1, , , 2015-11-15 20:53, 0, , , ,
2015-11-15 21:00, DCNN, 4045, 12, 1, AWSDLY, 516, 1011, 15.1, 13.6, , , 6, 6, , , 2015-11-15 21:03, 0, , , ,
2015-11-15 21:00, DCNN, 4058, 12, 1, NCM, 56958, 1011, 14, 12.2, , , 1, 1, , , 2015-11-15 20:56, 0, , , ,
2015-11-15 21:00, DCNN, 4065, 12, 1, AWSDLY, 529, 1011, 15.7, 14.4, , , 6, 6, , , 2015-11-15 21:02, 0, , , ,
2015-11-15 21:00, DCNN, 4077, 12, 1, AWSDLY, 534, 1011, 15.3, 14.1, , , 6, 6, , , 2015-11-15 20:58, 0, , , ,
2015-11-16 09:00, DCNN, 4036, 12, 1, NCM, 513, 1011, 12.6, 6, 3.9, 4.5, 1, 1, 1, 1, 2015-11-16 09:01, 0, , , ,
2015-11-16 09:00, DCNN, 4045, 12, 1, AWSDLY, 516, 1011, 13.9, 7.3, 3.7, , 6, 6, 6, , 2015-11-16 09:03, 0, , , ,
2015-11-16 09:00, DCNN, 4058, 12, 1, NCM, 56958, 1011, 12.8, 6.5, 5.4, , 1, 1, 1, , 2015-11-16 08:59, 0, , , ,
2015-11-16 09:00, DCNN, 4065, 12, 1, AWSDLY, 529, 1011, 14.9, 8.7, 7.3, , 6, 6, 6, , 2015-11-16 09:03, 0, , , ,
2015-11-16 09:00, DCNN, 4077, 12, 1, AWSDLY, 534, 1011, 14.8, 8.7, 7.2, 7.1, 6, 6, 6, 6, 2015-11-16 08:58, 0, , , ,
2015-11-16 21:00, DCNN, 4036, 12, 1, NCM, 513, 1011, 8.3, 6, , , 1, 1, , , 2015-11-16 20:57, 0, , , ,
2015-11-16 21:00, DCNN, 4045, 12, 1, AWSDLY, 516, 1011, 10.4, 7.2, , , 6, 6, , , 2015-11-16 21:02, 0, , , ,
2015-11-16 21:00, DCNN, 4058, 12, 1, NCM, 56958, 1011, 8.4, 6, , , 1, 1, , , 2015-11-16 20:58, 0, , , ,
2015-11-16 21:00, DCNN, 4065, 12, 1, AWSDLY, 529, 1011, 10.4, 8.2, , , 6, 6, , , 2015-11-16 21:01, 0, , , ,
2015-11-16 21:00, DCNN, 4077, 12, 1, AWSDLY, 534, 1011, 10.9, 7.6, , , 6, 6, , , 2015-11-16 20:58, 0, , , ,
2015-11-17 09:00, DCNN, 4036, 12, 1, NCM, 513, 1011, 7.1, 6, 4.5, 4.4, 1, 1, 1, 1, 2015-11-17 09:01, 0, , , ,
2015-11-17 09:00, DCNN, 4045, 12, 0, AWSDLY, 516, 1012, 8.3, 7.3, 4.5, , 1, 151, 1, , 2015-11-17 09:02, 0, , , ,
2015-11-17 09:00, DCNN, 4045, 12, 1, AWSDLY, 516, 1011, 8.3, 7.2, 4.5, , 6, 1006, 6, , 2015-11-17 09:02, 0, , , ,
2015-11-17 09:00, DCNN, 4058, 12, 1, NCM, 56958, 1011, 7.6, 6.2, 5.1, , 1, 1, 1, , 2015-11-17 08:58, 0, , , ,
2015-11-17 09:00, DCNN, 4065, 12, 1, AWSDLY, 529, 1011, 9.4, 7, 6, , 6, 6, 6, , 2015-11-17 09:03, 0, , , ,
2015-11-17 09:00, DCNN, 4077, 12, 1, AWSDLY, 534, 1011, 8.7, 7.6, 5, 5.4, 6, 6, 6, 6, 2015-11-17 08:58, 0, , , ,
2015-11-17 21:00, DCNN, 4036, 12, 1, NCM, 513, 1011, 11.9, 6.8, , , 1, 1, , , 2015-11-17 20:56, 0, , , ,
2015-11-17 21:00, DCNN, 4045, 12, 1, AWSDLY, 516, 1011, 12.9, 7.8, , , 6, 6, , , 2015-11-17 21:02, 0, , , ,
2015-11-17 21:00, DCNN, 4058, 12, 1, NCM, 56958, 1011, 12.1, 6.8, , , 1, 1, , , 2015-11-17 20:57, 0, , , ,
2015-11-17 21:00, DCNN, 4065, 12, 1, AWSDLY, 529, 1011, 14.4, 8.7, , , 6, 6, , , 2015-11-17 21:04, 0, , , ,
2015-11-17 21:00, DCNN, 4077, 12, 1, AWSDLY, 534, 1011, 13.9, 8.3, , , 6, 6, , , 2015-11-17 20:59, 0, , , ,
2015-11-18 09:00, DCNN, 4036, 12, 1, NCM, 513, 1011, 10.2, 5.8, 4.1, 4.2, 1, 1, 1, 1, 2015-11-18 08:55, 0, , , ,
2015-11-18 09:00, DCNN, 4045, 12, 1, AWSDLY, 516, 1011, 11.3, 7, 4.1, , 6, 6, 6, , 2015-11-18 09:03, 0, , , ,
2015-11-18 09:00, DCNN, 4058, 12, 1, NCM, 56958, 1011, 10.1, 6.4, 4.9, , 1, 1, 1, , 2015-11-18 08:56, 0, , , ,
2015-11-18 09:00, DCNN, 4065, 12, 1, AWSDLY, 529, 1011, 12, 7.9, 6.3, , 6, 6, 6, , 2015-11-18 09:02, 0, , , ,
2015-11-18 09:00, DCNN, 4077, 12, 1, AWSDLY, 534, 1011, 12.1, 6.8, 5.1, 5.1, 6, 6, 6, 6, 2015-11-18 08:57, 0, , , ,
2015-11-18 21:00, DCNN, 4036, 12, 1, NCM, 513, 1011, 11, 8.4, , , 1, 1, , , 2015-11-18 20:56, 0, , , ,
2015-11-18 21:00, DCNN, 4045, 12, 1, AWSDLY, 516, 1011, 12, 9.5, , , 6, 6, , , 2015-11-18 21:04, 0, , , ,
2015-11-18 21:00, DCNN, 4058, 12, 1, NCM, 56958, 1011, 11.7, 8.3, , , 1, 1, , , 2015-11-18 20:58, 0, , , ,
2015-11-18 21:00, DCNN, 4065, 12, 1, AWSDLY, 529, 1011, 13.8, 10, , , 6, 6, , , 2015-11-18 21:01, 0, , , ,
2015-11-18 21:00, DCNN, 4077, 12, 1, AWSDLY, 534, 1011, 13.5, 9.5, , , 6, 6, , , 2015-11-18 20:58, 0, , , ,
2015-11-19 09:00, DCNN, 4036, 12, 1, NCM, 513, 1011, 8.7, 7.2, 5.5, 5, 1, 1, 1, 1, 2015-11-19 08:56, 0, , , ,
2015-11-19 09:00, DCNN, 4045, 12, 1, AWSDLY, 516, 1011, 9.8, 8.2, 5.3, , 6, 6, 6, , 2015-11-19 09:05, 0, , , ,
2015-11-19 09:00, DCNN, 4058, 12, 1, NCM, 56958, 1011, 9.2, 7.1, 5.9, , 1, 1, 1, , 2015-11-19 08:59, 0, , , ,
2015-11-19 09:00, DCNN, 4065, 12, 1, AWSDLY, 529, 1011, 11, 8.1, 7, , 6, 6, 6, , 2015-11-19 09:01, 0, , , ,
2015-11-19 09:00, DCNN, 4077, 12, 1, AWSDLY, 534, 1011, 10.6, 9.1, 7.3, 6.7, 6, 6, 6, 6, 2015-11-19 08:58, 0, , , ,
2015-11-19 21:00, DCNN, 4036, 12, 1, NCM, 513, 1011, 8.6, 5.1, , , 1, 1, , , 2015-11-19 20:56, 0, , , ,
2015-11-19 21:00, DCNN, 4045, 12, 1, AWSDLY, 516, 1011, 10.1, 6.3, , , 6, 6, , , 2015-11-19 21:04, 0, , , ,
2015-11-19 21:00, DCNN, 4058, 12, 1, NCM, 56958, 1011, 8.9, 5.2, , , 1, 1, , , 2015-11-19 20:58, 0, , , ,
2015-11-19 21:00, DCNN, 4065, 12, 1, AWSDLY, 529, 1011, 10.5, 6.8, , , 6, 6, , , 2015-11-20 08:06, 1016, , , ,
2015-11-19 21:00, DCNN, 4077, 12, 1, AWSDLY, 534, 1011, 10.9, 6.2, , , 6, 6, , , 2015-11-19 20:57, 0, , , ,
2015-11-20 09:00, DCNN, 4036, 12, 1, NCM, 513, 1011, 5.3, 3.5, 1.3, .9, 1, 1, 1, 1, 2015-11-20 08:56, 0, , , ,
2015-11-20 09:00, DCNN, 4045, 12, 1, AWSDLY, 516, 1011, 6.6, 4, -.4, , 6, 6, 6, , 2015-11-20 09:02, 0, , , ,
2015-11-20 09:00, DCNN, 4058, 12, 1, NCM, 56958, 1011, 5.3, 3.4, 2, , 1, 1, 1, , 2015-11-20 09:06, 0, , , ,
2015-11-20 09:00, DCNN, 4065, 12, 1, AWSDLY, 529, 1011, 7, 3.4, -1, , 6, 6, 6, , 2015-11-20 09:03, 0, , , ,
2015-11-20 09:00, DCNN, 4077, 12, 1, AWSDLY, 534, 1011, 7.1, 4.3, 1, 1.8, 6, 6, 6, 6, 2015-11-20 08:57, 0, , , ,
2015-11-20 21:00, DCNN, 4036, 12, 1, NCM, 513, 1011, 6, 1.3, , , 1, 1, , , 2015-11-20 20:54, 0, , , ,
2015-11-20 21:00, DCNN, 4045, 12, 1, AWSDLY, 516, 1011, 7.5, 2.5, , , 6, 6, , , 2015-11-20 21:02, 0, , , ,
2015-11-20 21:00, DCNN, 4058, 12, 1, NCM, 56958, 1011, 5.2, .8, , , 1, 1, , , 2015-11-20 20:57, 0, , , ,
2015-11-20 21:00, DCNN, 4065, 12, 1, AWSDLY, 529, 1011, 7, 3, , , 6, 6, , , 2015-11-20 21:03, 0, , , ,
2015-11-20 21:00, DCNN, 4077, 12, 1, AWSDLY, 534, 1011, 7.7, 3.3, , , 6, 6, , , 2015-11-20 20:57, 0, , , ,
2015-11-21 09:00, DCNN, 4036, 12, 1, NCM, 513, 1011, 2.7, -.3, -1.4, -1.7, 1, 1, 1, 1, 2015-11-21 08:54, 0, , , ,
2015-11-21 09:00, DCNN, 4045, 12, 1, AWSDLY, 516, 1011, 3.9, .4, -1.5, , 6, 6, 6, , 2015-11-21 09:02, 0, , , ,
2015-11-21 09:00, DCNN, 4058, 12, 1, NCM, 56958, 1011, 2.4, -.6, -.8, , 1, 1, 1, , 2015-11-21 08:56, 0, , , ,
2015-11-21 09:00, DCNN, 4065, 12, 1, AWSDLY, 529, 1011, 4.5, .2, -.3, , 6, 6, 6, , 2015-11-21 09:02, 0, , , ,
2015-11-21 09:00, DCNN, 4077, 12, 1, AWSDLY, 534, 1011, 5, .5, 0, .1, 6, 6, 6, 6, 2015-11-21 09:01, 0, , , ,
2015-11-21 21:00, DCNN, 4036, 12, 1, NCM, 513, 1011, 1, -1.7, , , 1, 1, , , 2015-11-21 20:55, 0, , , ,
2015-11-21 21:00, DCNN, 4045, 12, 1, AWSDLY, 516, 1011, 2.5, -1.3, , , 6, 6, , , 2015-11-21 21:03, 0, , , ,
2015-11-21 21:00, DCNN, 4058, 12, 1, NCM, 56958, 1011, 1, -1.6, , , 1, 1, , , 2015-11-21 20:56, 0, , , ,
2015-11-21 21:00, DCNN, 4065, 12, 1, AWSDLY, 529, 1011, 3.7, -.7, , , 6, 6, , , 2015-11-21 21:03, 0, , , ,
2015-11-21 21:00, DCNN, 4077, 12, 1, AWSDLY, 534, 1011, 3.6, -.6, , , 6, 6, , , 2015-11-21 20:57, 0, , , ,
2015-11-22 09:00, DCNN, 4036, 12, 1, NCM, 513, 1011, 1.8, -1.3, -4.7, -3.4, 1, 1, 1, 1, 2015-11-22 08:57, 0, , , ,
2015-11-22 09:00, DCNN, 4045, 12, 1, AWSDLY, 516, 1011, 2.1, -1.8, -5.9, , 6, 6, 6, , 2015-11-22 09:02, 0, , , ,
2015-11-22 09:00, DCNN, 4058, 12, 1, NCM, 56958, 1011, 1.8, -1.3, -3.3, , 1, 1, 1, , 2015-11-22 08:56, 0, , , ,
2015-11-22 09:00, DCNN, 4065, 12, 1, AWSDLY, 529, 1011, 2, -.5, -4.8, , 6, 6, 6, , 2015-11-22 09:01, 0, , , ,
2015-11-22 09:00, DCNN, 4077, 12, 1, AWSDLY, 534, 1011, 1.7, -.7, -4.4, -2.7, 6, 6, 6, 6, 2015-11-22 08:58, 0, , , ,
2015-11-22 21:00, DCNN, 4036, 12, 1, NCM, 513, 1011, 3.2, .7, , , 1, 1, , , 2015-11-22 20:54, 0, , , ,
2015-11-22 21:00, DCNN, 4045, 12, 1, AWSDLY, 516, 1011, 4.4, 1.3, , , 6, 6, , , 2015-11-22 21:03, 0, , , ,
2015-11-22 21:00, DCNN, 4058, 12, 1, NCM, 56958, 1011, 3.2, .2, , , 1, 1, , , 2015-11-22 20:56, 0, , , ,
2015-11-22 21:00, DCNN, 4065, 12, 1, AWSDLY, 529, 1011, 5.5, 1.2, , , 6, 6, , , 2015-11-22 21:02, 0, , , ,
2015-11-22 21:00, DCNN, 4077, 12, 1, AWSDLY, 534, 1011, 5, 1.3, , , 6, 6, , , 2015-11-22 21:01, 0, , , ,
2015-11-23 09:00, DCNN, 4036, 12, 1, NCM, 513, 1011, 2.2, -.5, -3.6, -2.7, 1, 1, 1, 1, 2015-11-23 08:56, 0, , , ,
2015-11-23 09:00, DCNN, 4045, 12, 1, AWSDLY, 516, 1011, 2.1, -1.3, -5.1, , 6, 6, 6, , 2015-11-23 09:04, 0, , , ,
2015-11-23 09:00, DCNN, 4058, 12, 1, NCM, 56958, 1011, 1.7, -.2, -2.2, , 1, 1, 1, , 2015-11-23 08:59, 0, , , ,
2015-11-23 09:00, DCNN, 4065, 12, 1, AWSDLY, 529, 1011, 2.7, .6, -2, , 6, 6, 6, , 2015-11-23 09:03, 0, , , ,
2015-11-23 09:00, DCNN, 4077, 12, 1, AWSDLY, 534, 1011, 2.3, .4, -2.1, -1.8, 6, 6, 6, 6, 2015-11-23 08:58, 0, , , ,
2015-11-23 21:00, DCNN, 4036, 12, 1, NCM, 513, 1011, 4.5, .4, , , 1, 1, , , 2015-11-23 20:56, 0, , , ,
2015-11-23 21:00, DCNN, 4045, 12, 0, AWSDLY, 516, 1012, 5.6, 1.7, , , 1, 151, , , 2015-11-23 21:04, 0, , , ,
2015-11-23 21:00, DCNN, 4045, 12, 1, AWSDLY, 516, 1011, 5.6, 1.6, , , 6, 1006, , , 2015-11-23 21:04, 0, , , ,
2015-11-23 21:00, DCNN, 4058, 12, 1, NCM, 56958, 1011, 5.2, 1.4, , , 1, 1, , , 2015-11-23 20:58, 0, , , ,
2015-11-23 21:00, DCNN, 4065, 12, 1, AWSDLY, 529, 1011, 5.9, 2.6, , , 6, 6, , , 2015-11-23 21:04, 0, , , ,
2015-11-23 21:00, DCNN, 4077, 12, 1, AWSDLY, 534, 1011, 5.5, 2.3, , , 6, 6, , , 2015-11-23 20:57, 0, , , ,
2015-11-24 09:00, DCNN, 4036, 12, 1, NCM, 513, 1011, 7, 4.5, 2.4, 2.6, 1, 1, 1, 1, 2015-11-24 08:56, 0, , , ,
2015-11-24 09:00, DCNN, 4045, 12, 1, AWSDLY, 516, 1011, 7.9, 5.5, 3.3, , 6, 6, 6, , 2015-11-24 09:03, 0, , , ,
2015-11-24 09:00, DCNN, 4058, 12, 1, NCM, 56958, 1011, 7.1, 5.1, 3.3, , 1, 1, 1, , 2015-11-24 09:01, 0, , , ,
2015-11-24 09:00, DCNN, 4065, 12, 0, AWSDLY, 529, 1012, 8.5, 5.9, 3.9, , 1, 151, 1, , 2015-11-24 09:03, 0, , , ,
2015-11-24 09:00, DCNN, 4065, 12, 1, AWSDLY, 529, 1011, 8.5, 5.8, 3.9, , 6, 1006, 6, , 2015-11-24 09:03, 0, , , ,
2015-11-24 09:00, DCNN, 4077, 12, 1, AWSDLY, 534, 1011, 7.9, 5.1, 3.6, 3.8, 6, 6, 6, 6, 2015-11-24 08:58, 0, , , ,
2015-11-24 21:00, DCNN, 4036, 12, 1, NCM, 513, 1011, 7.3, 4.8, , , 1, 1, , , 2015-11-24 20:55, 0, , , ,
2015-11-24 21:00, DCNN, 4045, 12, 1, AWSDLY, 516, 1011, 8.5, 5.2, , , 6, 6, , , 2015-11-24 21:02, 0, , , ,
2015-11-24 21:00, DCNN, 4058, 12, 1, NCM, 56958, 1011, 7.3, 5, , , 1, 1, , , 2015-11-24 20:58, 0, , , ,
2015-11-24 21:00, DCNN, 4065, 12, 1, AWSDLY, 529, 1011, 9.7, 5.9, , , 6, 6, , , 2015-11-24 21:05, 0, , , ,
2015-11-24 21:00, DCNN, 4077, 12, 1, AWSDLY, 534, 1011, 9.2, 5.6, , , 6, 6, , , 2015-11-24 21:00, 0, , , ,
2015-11-25 09:00, DCNN, 4036, 12, 1, NCM, 513, 1011, 6.3, 4.4, 2.1, 1.5, 1, 1, 1, 1, 2015-11-25 08:57, 0, , , ,
2015-11-25 09:00, DCNN, 4045, 12, 1, AWSDLY, 516, 1011, 7.2, 4.5, -.1, , 6, 6, 6, , 2015-11-25 09:02, 0, , , ,
2015-11-25 09:00, DCNN, 4058, 12, 1, NCM, 56958, 1011, 6.4, 4.9, 3.4, , 1, 1, 1, , 2015-11-25 08:58, 0, , , ,
2015-11-25 09:00, DCNN, 4065, 12, 1, AWSDLY, 529, 1011, 7.3, 5.6, 3.6, , 6, 6, 6, , 2015-11-25 09:03, 0, , , ,
2015-11-25 09:00, DCNN, 4077, 12, 1, AWSDLY, 534, 1011, 6.8, 5.4, 2.8, 2.4, 6, 6, 6, 6, 2015-11-25 08:59, 0, , , ,
2015-11-25 21:00, DCNN, 4036, 12, 1, NCM, 513, 1011, 8.3, 5.8, , , 1, 1, , , 2015-11-25 20:53, 0, , , ,
2015-11-25 21:00, DCNN, 4045, 12, 1, AWSDLY, 516, 1011, 9.5, 6.7, , , 6, 6, , , 2015-11-25 21:05, 0, , , ,
2015-11-25 21:00, DCNN, 4058, 12, 1, NCM, 56958, 1011, 8.2, 6, , , 1, 1, , , 2015-11-25 20:59, 0, , , ,
2015-11-25 21:00, DCNN, 4065, 12, 1, AWSDLY, 529, 1011, 9.9, 6.2, , , 6, 6, , , 2015-11-25 21:01, 0, , , ,
2015-11-25 21:00, DCNN, 4077, 12, 1, AWSDLY, 534, 1011, 9.7, 5.4, , , 6, 6, , , 2015-11-25 20:57, 0, , , ,
2015-11-26 09:00, DCNN, 4036, 12, 0, NCM, 513, 1012, 7.1, 6, 3.2, 3.3, 1, 151, 1, 1, 2015-11-26 09:00, 0, , , ,
2015-11-26 09:00, DCNN, 4036, 12, 1, NCM, 513, 1011, 7.1, 5.9, 3.2, 3.3, 1, 1501, 1, 1, 2015-11-26 09:00, 0, , , ,
2015-11-26 09:00, DCNN, 4045, 12, 1, AWSDLY, 516, 1011, 8, 5.8, 1.7, , 6, 6, 6, , 2015-11-26 09:02, 0, , , ,
2015-11-26 09:00, DCNN, 4058, 12, 1, NCM, 56958, 1011, 7.2, 5.7, 4.3, , 1, 1, 1, , 2015-11-26 08:59, 0, , , ,
2015-11-26 09:00, DCNN, 4065, 12, 1, AWSDLY, 529, 1011, 8.2, 5.1, .2, , 6, 6, 6, , 2015-11-26 09:01, 0, , , ,
2015-11-26 09:00, DCNN, 4077, 12, 1, AWSDLY, 534, 1011, 7.9, 5.4, 2.1, 2.5, 6, 6, 6, 6, 2015-11-26 08:57, 0, , , ,
2015-11-26 21:00, DCNN, 4036, 12, 1, NCM, 513, 1011, 10.2, 6.7, , , 1, 1, , , 2015-11-26 20:56, 0, , , ,
2015-11-26 21:00, DCNN, 4045, 12, 1, AWSDLY, 516, 1011, 11.4, 5.9, , , 6, 6, , , 2015-11-26 21:02, 0, , , ,
2015-11-26 21:00, DCNN, 4058, 12, 1, NCM, 56958, 1011, 10.3, 6.3, , , 1, 1, , , 2015-11-26 20:59, 0, , , ,
2015-11-26 21:00, DCNN, 4065, 12, 1, AWSDLY, 529, 1011, 11.4, 7.1, , , 6, 6, , , 2015-11-26 21:03, 0, , , ,
2015-11-26 21:00, DCNN, 4077, 12, 1, AWSDLY, 534, 1011, 11.6, 6.8, , , 6, 6, , , 2015-11-26 20:57, 0, , , ,
2015-11-27 09:00, DCNN, 4036, 12, 1, NCM, 513, 1011, 10.6, 9.5, 8.3, 7.9, 1, 1, 1, 1, 2015-11-27 08:55, 0, , , ,
2015-11-27 09:00, DCNN, 4045, 12, 1, AWSDLY, 516, 1011, 11.9, 10.5, 8.6, , 6, 6, 6, , 2015-11-27 09:04, 0, , , ,
2015-11-27 09:00, DCNN, 4058, 12, 1, NCM, 56958, 1011, 11, 9.7, 8.8, , 1, 1, 1, , 2015-11-27 08:57, 0, , , ,
2015-11-27 09:00, DCNN, 4065, 12, 1, AWSDLY, 529, 1011, 12.7, 10.8, 8.6, , 6, 6, 6, , 2015-11-27 09:02, 0, , , ,
2015-11-27 09:00, DCNN, 4077, 12, 1, AWSDLY, 534, 1011, 12.5, 10.8, 8.4, 7.2, 6, 6, 6, 6, 2015-11-27 08:58, 0, , , ,
2015-11-27 21:00, DCNN, 4036, 12, 1, NCM, 513, 1011, 10.1, 2.1, , , 1, 1, , , 2015-11-27 20:55, 0, , , ,
2015-11-27 21:00, DCNN, 4045, 12, 1, AWSDLY, 516, 1011, 12.3, 3.3, , , 6, 6, , , 2015-11-27 21:02, 0, , , ,
2015-11-27 21:00, DCNN, 4058, 12, 1, NCM, 56958, 1011, 10.6, 2.3, , , 1, 1, , , 2015-11-27 20:58, 0, , , ,
2015-11-27 21:00, DCNN, 4065, 12, 1, AWSDLY, 529, 1011, 12.7, 4.2, , , 6, 6, , , 2015-11-27 21:03, 0, , , ,
2015-11-27 21:00, DCNN, 4077, 12, 1, AWSDLY, 534, 1011, 12.5, 4.4, , , 6, 6, , , 2015-11-27 20:57, 0, , , ,
2015-11-28 09:00, DCNN, 4036, 12, 1, NCM, 513, 1011, 3.6, 1.9, 0, .3, 1, 1, 1, 1, 2015-11-28 09:01, 0, , , ,
2015-11-28 09:00, DCNN, 4045, 12, 1, AWSDLY, 516, 1011, 4.4, 3, -.8, , 6, 6, 6, , 2015-11-28 09:02, 0, , , ,
2015-11-28 09:00, DCNN, 4058, 12, 1, NCM, 56958, 1011, 3.3, 1.9, .6, , 1, 1, 1, , 2015-11-28 08:57, 0, , , ,
2015-11-28 09:00, DCNN, 4065, 12, 1, AWSDLY, 529, 1011, 4.8, 2.5, -.6, , 6, 6, 6, , 2015-11-28 09:03, 0, , , ,
2015-11-28 09:00, DCNN, 4077, 12, 1, AWSDLY, 534, 1011, 4.6, 3.3, 1, .9, 6, 6, 6, 6, 2015-11-28 08:57, 0, , , ,
2015-11-28 21:00, DCNN, 4036, 12, 1, NCM, 513, 1011, 6.8, 2.4, , , 1, 1, , , 2015-11-28 20:55, 0, , , ,
2015-11-28 21:00, DCNN, 4045, 12, 1, AWSDLY, 516, 1011, 7.6, 3.6, , , 6, 6, , , 2015-11-28 21:02, 0, , , ,
2015-11-28 21:00, DCNN, 4058, 12, 1, NCM, 56958, 1011, 6.7, 2.6, , , 1, 1, , , 2015-11-28 20:56, 0, , , ,
2015-11-28 21:00, DCNN, 4065, 12, 1, AWSDLY, 529, 1011, 8.3, 3.7, , , 6, 6, , , 2015-11-28 21:03, 0, , , ,
2015-11-28 21:00, DCNN, 4077, 12, 1, AWSDLY, 534, 1011, 7.9, 4.1, , , 6, 6, , , 2015-11-28 21:28, 0, , , ,
2015-11-29 09:00, DCNN, 4036, 12, 1, NCM, 513, 1011, 7.1, 4.1, 3.3, 2.9, 1, 1, 1, 1, 2015-11-29 08:56, 0, , , ,
2015-11-29 09:00, DCNN, 4045, 12, 1, AWSDLY, 516, 1011, 7.8, 5.7, 3.5, , 6, 6, 6, , 2015-11-29 09:04, 0, , , ,
2015-11-29 09:00, DCNN, 4058, 12, 1, NCM, 56958, 1011, 7.1, 3.6, 3.1, , 1, 1, 1, , 2015-11-29 08:58, 0, , , ,
2015-11-29 09:00, DCNN, 4065, 12, 1, AWSDLY, 529, 1011, 9.1, 4.8, 3.9, , 6, 6, 6, , 2015-11-29 09:03, 0, , , ,
2015-11-29 09:00, DCNN, 4077, 12, 1, AWSDLY, 534, 1011, 8.3, 6, 3.7, 3.8, 6, 6, 6, 6, 2015-11-29 08:58, 0, , , ,
2015-11-29 21:00, DCNN, 4036, 12, 1, NCM, 513, 1011, 10.2, 3.7, , , 1, 1, , , 2015-11-29 20:53, 0, , , ,
2015-11-29 21:00, DCNN, 4045, 12, 1, AWSDLY, 516, 1011, 11.2, 4.9, , , 6, 6, , , 2015-11-29 21:13, 0, , , ,
2015-11-29 21:00, DCNN, 4058, 12, 1, NCM, 56958, 1011, 9.3, 3.5, , , 1, 1, , , 2015-11-29 20:56, 0, , , ,
2015-11-29 21:00, DCNN, 4065, 12, 1, AWSDLY, 529, 1011, 11, 5.4, , , 6, 6, , , 2015-11-29 21:03, 0, , , ,
2015-11-29 21:00, DCNN, 4077, 12, 1, AWSDLY, 534, 1011, 11.9, 5, , , 6, 6, , , 2015-11-29 20:58, 0, , , ,
2015-11-30 09:00, DCNN, 4036, 12, 1, NCM, 513, 1011, 4.2, 2.7, .8, .4, 1, 1, 1, 1, 2015-11-30 09:03, 0, , , ,
2015-11-30 09:00, DCNN, 4045, 12, 1, AWSDLY, 516, 1011, 5.5, 3.5, -.1, , 6, 6, 6, , 2015-11-30 09:06, 0, , , ,
2015-11-30 09:00, DCNN, 4058, 12, 1, NCM, 56958, 1011, 4.5, 2.9, 1.6, , 1, 1, 1, , 2015-11-30 09:00, 0, , , ,
2015-11-30 09:00, DCNN, 4065, 12, 1, AWSDLY, 529, 1011, 6.2, 2.7, -1.1, , 6, 6, 6, , 2015-11-30 09:03, 0, , , ,
2015-11-30 09:00, DCNN, 4077, 12, 1, AWSDLY, 534, 1011, 6.3, 4.2, 2.1, 1.2, 6, 6, 6, 6, 2015-11-30 09:00, 0, , , ,
2015-11-30 21:00, DCNN, 4036, 12, 1, NCM, 513, 1011, 10.9, 2.2, , , 1, 1, , , 2015-11-30 20:54, 0, , , ,
2015-11-30 21:00, DCNN, 4045, 12, 1, AWSDLY, 516, 1011, 12.1, 3.9, , , 6, 6, , , 2015-11-30 21:02, 0, , , ,
2015-11-30 21:00, DCNN, 4058, 12, 1, NCM, 56958, 1011, 10.8, 3, , , 1, 1, , , 2015-11-30 20:59, 0, , , ,
2015-11-30 21:00, DCNN, 4065, 12, 1, AWSDLY, 529, 1011, 12.2, 4, , , 6, 6, , , 2015-11-30 21:03, 0, , , ,
2015-11-30 21:00, DCNN, 4077, 12, 1, AWSDLY, 534, 1011, 12, 3.4, , , 6, 6, , , 2015-11-30 20:57, 0, , , ,
2015-12-01 09:00, DCNN, 4036, 12, 1, NCM, 513, 1011, 5.7, 1.7, -.2, 1.2, 1, 1, 1, 1, 2015-12-01 08:55, 0, , , ,
2015-12-01 09:00, DCNN, 4045, 12, 1, AWSDLY, 516, 1011, 4.5, 2.5, .6, , 6, 6, 6, , 2015-12-01 09:03, 0, , , ,
2015-12-01 09:00, DCNN, 4058, 12, 1, NCM, 56958, 1011, 8.4, 2.6, 1.1, , 1, 1, 1, , 2015-12-01 08:58, 0, , , ,
2015-12-01 09:00, DCNN, 4065, 12, 1, AWSDLY, 529, 1011, 5.1, 3, .2, , 6, 6, 6, , 2015-12-01 09:01, 0, , , ,
2015-12-01 09:00, DCNN, 4077, 12, 1, AWSDLY, 534, 1011, 4.3, 2.5, .1, .7, 6, 6, 6, 6, 2015-12-01 09:00, 0, , , ,
2015-12-01 21:00, DCNN, 4036, 12, 1, NCM, 513, 1011, 11.6, 5.7, , , 1, 1, , , 2015-12-01 20:54, 0, , , ,
2015-12-01 21:00, DCNN, 4045, 12, 1, AWSDLY, 516, 1011, 12.5, 4.4, , , 6, 6, , , 2015-12-01 21:02, 0, , , ,
2015-12-01 21:00, DCNN, 4058, 12, 0, NCM, 56958, 1012, 11.5, 8.5, , , 1, 151, , , 2015-12-01 21:01, 0, , , ,
2015-12-01 21:00, DCNN, 4058, 12, 1, NCM, 56958, 1011, 11.5, 8.4, , , 1, 1501, , , 2015-12-01 21:01, 0, , , ,
2015-12-01 21:00, DCNN, 4065, 12, 1, AWSDLY, 529, 1011, 14, 5.1, , , 6, 6, , , 2015-12-01 21:02, 0, , , ,
2015-12-01 21:00, DCNN, 4077, 12, 1, AWSDLY, 534, 1011, 13.6, 4.3, , , 6, 6, , , 2015-12-01 21:02, 0, , , ,
2015-12-02 09:00, DCNN, 4036, 12, 1, NCM, 513, 1011, 9.9, 8.3, 6.7, 5.7, 1, 1, 1, 1, 2015-12-02 09:01, 0, , , ,
2015-12-02 09:00, DCNN, 4045, 12, 1, AWSDLY, 516, 1011, 11, 9.8, 6.7, , 6, 6, 6, , 2015-12-02 09:05, 0, , , ,
2015-12-02 09:00, DCNN, 4058, 12, 1, NCM, 56958, 1011, 10.2, 8.7, 7.6, , 1, 1, 1, , 2015-12-02 08:58, 0, , , ,
2015-12-02 09:00, DCNN, 4065, 12, 1, AWSDLY, 529, 1011, 12.4, 9.3, 6.9, , 6, 6, 6, , 2015-12-02 09:01, 0, , , ,
2015-12-02 09:00, DCNN, 4077, 12, 1, AWSDLY, 534, 1011, 12.1, 10.2, 8.1, 7.1, 6, 6, 6, 6, 2015-12-02 08:58, 0, , , ,
2015-12-02 21:00, DCNN, 4036, 12, 1, NCM, 513, 1011, 10.3, 7.4, , , 1, 1, , , 2015-12-02 20:56, 0, , , ,
2015-12-02 21:00, DCNN, 4045, 12, 1, AWSDLY, 516, 1011, 11.9, 8, , , 6, 6, , , 2015-12-02 21:03, 0, , , ,
2015-12-02 21:00, DCNN, 4058, 12, 1, NCM, 56958, 1011, 11.1, 8.7, , , 1, 1, , , 2015-12-02 20:59, 0, , , ,
2015-12-02 21:00, DCNN, 4065, 12, 1, AWSDLY, 529, 1011, 13, 10, , , 6, 6, , , 2015-12-02 21:02, 0, , , ,
2015-12-02 21:00, DCNN, 4077, 12, 1, AWSDLY, 534, 1011, 12.9, 10, , , 6, 6, , , 2015-12-02 20:58, 0, , , ,
2015-12-03 09:00, DCNN, 4036, 12, 1, NCM, 513, 1011, 7.6, 5.7, 4.7, 5.5, 1, 1, 1, 1, 2015-12-03 08:55, 0, , , ,
2015-12-03 09:00, DCNN, 4045, 12, 1, AWSDLY, 516, 1011, 8.4, 6.5, 4.9, , 6, 6, 6, , 2015-12-03 09:04, 0, , , ,
2015-12-03 09:00, DCNN, 4058, 12, 0, NCM, 56958, 1012, 8.7, 6.2, 6.3, , 151, 1, 1, , 2015-12-03 08:56, 0, , , ,
2015-12-03 09:00, DCNN, 4058, 12, 1, NCM, 56958, 1011, 8.8, 6.2, 6.3, , 1501, 1, 1, , 2015-12-03 08:56, 0, , , ,
2015-12-03 09:00, DCNN, 4065, 12, 1, AWSDLY, 529, 1011, 10.6, 6.6, 5.1, , 6, 6, 6, , 2015-12-03 09:02, 0, , , ,
2015-12-03 09:00, DCNN, 4077, 12, 1, AWSDLY, 534, 1011, 10.1, 5.8, 5.1, 6, 6, 6, 6, 6, 2015-12-03 08:57, 0, , , ,
2015-12-03 21:00, DCNN, 4036, 12, 1, NCM, 513, 1011, 11.7, 5.7, , , 1, 1, , , 2015-12-03 21:00, 0, , , ,
2015-12-03 21:00, DCNN, 4045, 12, 1, AWSDLY, 516, 1011, 12.8, 6.4, , , 6, 6, , , 2015-12-03 21:05, 0, , , ,
2015-12-03 21:00, DCNN, 4058, 12, 1, NCM, 56958, 1011, 11.9, 6.3, , , 1, 1, , , 2015-12-03 20:58, 0, , , ,
2015-12-03 21:00, DCNN, 4065, 12, 0, AWSDLY, 529, 1012, 12.5, 6.9, , , 1, 151, , , 2015-12-03 21:03, 0, , , ,
2015-12-03 21:00, DCNN, 4065, 12, 1, AWSDLY, 529, 1011, 12.5, 6.8, , , 6, 1006, , , 2015-12-03 21:03, 0, , , ,
2015-12-03 21:00, DCNN, 4077, 12, 1, AWSDLY, 534, 1011, 12.4, 5.8, , , 6, 6, , , 2015-12-03 20:58, 0, , , ,
2015-12-04 09:00, DCNN, 4036, 12, 1, NCM, 513, 1011, 9.4, 4, 2.5, 2.6, 1, 1, 1, 1, 2015-12-04 08:56, 0, , , ,
2015-12-04 09:00, DCNN, 4045, 12, 0, AWSDLY, 516, 1012, 10.7, 5.3, 2.3, , 151, 1, 1, , 2015-12-04 09:03, 0, , , ,
2015-12-04 09:00, DCNN, 4045, 12, 1, AWSDLY, 516, 1011, 10.8, 5.3, 2.3, , 1006, 6, 6, , 2015-12-04 09:03, 0, , , ,
2015-12-04 09:00, DCNN, 4058, 12, 0, NCM, 56958, 1012, 10.3, 4.4, 3.4, , 151, 1, 1, , 2015-12-04 08:58, 0, , , ,
2015-12-04 09:00, DCNN, 4058, 12, 1, NCM, 56958, 1011, 10.5, 4.4, 3.4, , 1501, 1, 1, , 2015-12-04 08:58, 0, , , ,
2015-12-04 09:00, DCNN, 4065, 12, 1, AWSDLY, 529, 1011, 11.6, 5.7, 3.9, , 6, 6, 6, , 2015-12-04 09:01, 0, , , ,
2015-12-04 09:00, DCNN, 4077, 12, 1, AWSDLY, 534, 1011, 11.5, 5.4, 3.8, 3.4, 6, 6, 6, 6, 2015-12-04 08:57, 0, , , ,
2015-12-04 21:00, DCNN, 4036, 12, 1, NCM, 513, 1011, 9.8, 7.1, , , 1, 1, , , 2015-12-04 20:54, 0, , , ,
2015-12-04 21:00, DCNN, 4045, 12, 1, AWSDLY, 516, 1011, 10.8, 8, , , 6, 6, , , 2015-12-04 21:04, 0, , , ,
2015-12-04 21:00, DCNN, 4058, 12, 1, NCM, 56958, 1011, 9.8, 6.7, , , 1, 1, , , 2015-12-04 20:56, 0, , , ,
2015-12-04 21:00, DCNN, 4065, 12, 1, AWSDLY, 529, 1011, 11.8, 8.3, , , 6, 6, , , 2015-12-04 21:03, 0, , , ,
2015-12-04 21:00, DCNN, 4077, 12, 1, AWSDLY, 534, 1011, 11.6, 8.3, , , 6, 6, , , 2015-12-04 20:58, 0, , , ,
2015-12-05 09:00, DCNN, 4036, 12, 1, NCM, 513, 1011, 10.7, 8.8, 7.9, 6.8, 1, 1, 1, 151, 2015-12-05 08:55, 0, , , ,
2015-12-05 09:00, DCNN, 4045, 12, 1, AWSDLY, 516, 1011, 12, 9.8, 7.8, , 6, 6, 6, , 2015-12-05 09:03, 0, , , ,
2015-12-05 09:00, DCNN, 4058, 12, 1, NCM, 56958, 1011, 10.4, 8.5, 7.7, , 1, 1, 1, , 2015-12-05 08:57, 0, , , ,
2015-12-05 09:00, DCNN, 4065, 12, 1, AWSDLY, 529, 1011, 12.4, 10.7, 9, , 6, 6, 6, , 2015-12-05 10:01, 0, , , ,
2015-12-05 09:00, DCNN, 4077, 12, 1, AWSDLY, 534, 1011, 12.3, 10.7, 9, 8, 6, 6, 6, 6, 2015-12-05 08:58, 0, , , ,
2015-12-05 21:00, DCNN, 4036, 12, 1, NCM, 513, 1011, 10.4, 9.1, , , 1, 1, , , 2015-12-05 20:54, 0, , , ,
2015-12-05 21:00, DCNN, 4045, 12, 1, AWSDLY, 516, 1011, 11.7, 10.2, , , 6, 6, , , 2015-12-05 21:02, 0, , , ,
2015-12-05 21:00, DCNN, 4058, 12, 1, NCM, 56958, 1011, 10.5, 9.1, , , 1, 1, , , 2015-12-05 20:57, 0, , , ,
2015-12-05 21:00, DCNN, 4065, 12, 1, AWSDLY, 529, 1011, 12.7, 11.7, , , 6, 6, , , 2015-12-05 21:03, 0, , , ,
2015-12-05 21:00, DCNN, 4077, 12, 1, AWSDLY, 534, 1011, 12.6, 11.7, , , 6, 6, , , 2015-12-05 20:58, 0, , , ,
2015-12-06 09:00, DCNN, 4036, 12, 1, NCM, 513, 1011, 11.3, 10.2, 7.7, 7.4, 1, 1, 1, 1, 2015-12-06 08:55, 0, , , ,
2015-12-06 09:00, DCNN, 4045, 12, 1, AWSDLY, 516, 1011, 12.2, 11.3, 8.4, , 6, 6, 6, , 2015-12-06 09:03, 0, , , ,
2015-12-06 09:00, DCNN, 4058, 12, 1, NCM, 56958, 1011, 11.3, 9.8, 9, , 1, 1, 1, , 2015-12-06 08:56, 0, , , ,
2015-12-06 09:00, DCNN, 4065, 12, 1, AWSDLY, 529, 1011, 13.7, 12.4, 11, , 6, 6, 6, , 2015-12-06 09:03, 0, , , ,
2015-12-06 09:00, DCNN, 4077, 12, 1, AWSDLY, 534, 1011, 13.3, 12.4, 11.2, 10.7, 6, 6, 6, 6, 2015-12-06 08:58, 0, , , ,
2015-12-06 21:00, DCNN, 4036, 12, 1, NCM, 513, 1011, 11.7, 3.6, , , 1, 1, , , 2015-12-06 20:55, 0, , , ,
2015-12-06 21:00, DCNN, 4045, 12, 1, AWSDLY, 516, 1011, 12.5, 3.5, , , 6, 6, , , 2015-12-06 21:02, 0, , , ,
2015-12-06 21:00, DCNN, 4058, 12, 1, NCM, 56958, 1011, 11.5, 3.7, , , 1, 1, , , 2015-12-06 20:57, 0, , , ,
2015-12-06 21:00, DCNN, 4065, 12, 1, AWSDLY, 529, 1011, 13.7, 5, , , 6, 6, , , 2015-12-06 21:01, 0, , , ,
2015-12-06 21:00, DCNN, 4077, 12, 1, AWSDLY, 534, 1011, 13.5, 4.2, , , 6, 6, , , 2015-12-06 20:58, 0, , , ,
2015-12-07 09:00, DCNN, 4036, 12, 1, NCM, 513, 1011, 5.8, 3.7, 1.2, 1.7, 1, 1, 1, 1, 2015-12-07 08:56, 0, , , ,
2015-12-07 09:00, DCNN, 4045, 12, 1, AWSDLY, 516, 1011, 6.4, 4.3, -1.1, , 6, 6, 6, , 2015-12-07 09:03, 0, , , ,
2015-12-07 09:00, DCNN, 4058, 12, 1, NCM, 56958, 1011, 8.2, 4.8, 2.1, , 1, 1, 1, , 2015-12-07 08:56, 0, , , ,
2015-12-07 09:00, DCNN, 4065, 12, 1, AWSDLY, 529, 1011, 7.1, 5.9, .9, , 6, 6, 6, , 2015-12-07 09:03, 0, , , ,
2015-12-07 09:00, DCNN, 4077, 12, 1, AWSDLY, 534, 1011, 6.8, 5, -.1, 2.4, 6, 6, 6, 6, 2015-12-07 08:58, 0, , , ,
2015-12-07 21:00, DCNN, 4036, 12, 1, NCM, 513, 1011, 13.2, 5.8, , , 1, 1, , , 2015-12-07 20:55, 0, , , ,
2015-12-07 21:00, DCNN, 4045, 12, 1, AWSDLY, 516, 1011, 14.3, 6.4, , , 6, 6, , , 2015-12-07 21:05, 0, , , ,
2015-12-07 21:00, DCNN, 4058, 12, 1, NCM, 56958, 1011, 13.2, 7.9, , , 1, 1, , , 2015-12-07 20:57, 0, , , ,
2015-12-07 21:00, DCNN, 4065, 12, 0, AWSDLY, 529, 1012, 14.2, 7.2, , , 1, 151, , , 2015-12-07 21:03, 0, , , ,
2015-12-07 21:00, DCNN, 4065, 12, 1, AWSDLY, 529, 1011, 14.2, 7.1, , , 6, 1006, , , 2015-12-07 21:03, 0, , , ,
2015-12-07 21:00, DCNN, 4077, 12, 1, AWSDLY, 534, 1011, 13.9, 6.8, , , 6, 6, , , 2015-12-07 20:57, 0, , , ,
2015-12-08 09:00, DCNN, 4036, 12, 1, NCM, 513, 1011, 11.3, 10, 8.4, 7.3, 1, 1, 1, 151, 2015-12-08 08:57, 0, , , ,
2015-12-08 09:00, DCNN, 4045, 12, 1, AWSDLY, 516, 1011, 12.6, 10.9, 8.9, , 6, 6, 6, , 2015-12-08 09:03, 0, , , ,
2015-12-08 09:00, DCNN, 4058, 12, 1, NCM, 56958, 1011, 11.6, 9.6, 8.9, , 1, 1, 1, , 2015-12-08 08:57, 0, , , ,
2015-12-08 09:00, DCNN, 4065, 12, 1, AWSDLY, 529, 1011, 12.2, 10.3, 9.2, , 6, 6, 6, , 2015-12-08 09:02, 0, , , ,
2015-12-08 09:00, DCNN, 4077, 12, 1, AWSDLY, 534, 1011, 11.8, 10.4, 9.2, 8.6, 6, 6, 6, 6, 2015-12-08 08:57, 0, , , ,
2015-12-08 21:00, DCNN, 4036, 12, 1, NCM, 513, 1011, 10.1, 4.9, , , 1, 1, , , 2015-12-08 20:54, 0, , , ,
2015-12-08 21:00, DCNN, 4045, 12, 1, AWSDLY, 516, 1011, 11.7, 5.6, , , 6, 6, , , 2015-12-08 21:07, 0, , , ,
2015-12-08 21:00, DCNN, 4058, 12, 1, NCM, 56958, 1011, 10.3, 4.9, , , 1, 1, , , 2015-12-08 20:58, 0, , , ,
2015-12-08 21:00, DCNN, 4065, 12, 1, AWSDLY, 529, 1011, 12.2, 7.2, , , 6, 6, , , 2015-12-08 21:05, 0, , , ,
2015-12-08 21:00, DCNN, 4077, 12, 1, AWSDLY, 534, 1011, 12.2, 7.2, , , 6, 6, , , 2015-12-08 20:57, 0, , , ,
2015-12-09 09:00, DCNN, 4036, 12, 1, NCM, 513, 1011, 5.3, 2.7, .8, .2, 1, 1, 1, 1, 2015-12-09 08:56, 0, , , ,
2015-12-09 09:00, DCNN, 4045, 12, 1, AWSDLY, 516, 1011, 6.3, 3.7, 0, , 6, 6, 6, , 2015-12-09 09:03, 0, , , ,
2015-12-09 09:00, DCNN, 4058, 12, 1, NCM, 56958, 1011, 6.2, 3.4, 2.2, , 1, 1, 1, , 2015-12-09 09:01, 0, , , ,
2015-12-09 09:00, DCNN, 4065, 12, 0, AWSDLY, 529, 1012, 7.4, 3.4, .6, , 151, 1, 1, , 2015-12-09 09:02, 0, , , ,
2015-12-09 09:00, DCNN, 4065, 12, 1, AWSDLY, 529, 1011, 7.5, 3.4, .6, , 1006, 6, 6, , 2015-12-09 09:02, 0, , , ,
2015-12-09 09:00, DCNN, 4077, 12, 1, AWSDLY, 534, 1011, 7.2, 3.8, .1, .9, 6, 6, 6, 6, 2015-12-09 08:57, 0, , , ,
2015-12-09 21:00, DCNN, 4036, 12, 0, NCM, 513, 1012, 9, 4.9, , , 1, 151, , , 2015-12-09 20:54, 0, , , ,
2015-12-09 21:00, DCNN, 4036, 12, 1, NCM, 513, 1011, 9, 4.8, , , 1, 1501, , , 2015-12-09 20:54, 0, , , ,
2015-12-09 21:00, DCNN, 4045, 12, 1, AWSDLY, 516, 1011, 10.5, 6.2, , , 6, 6, , , 2015-12-09 21:02, 0, , , ,
2015-12-09 21:00, DCNN, 4058, 12, 0, NCM, 56958, 1012, 9.3, 6.3, , , 1, 151, , , 2015-12-09 20:58, 0, , , ,
2015-12-09 21:00, DCNN, 4058, 12, 1, NCM, 56958, 1011, 9.3, 6.2, , , 1, 1501, , , 2015-12-09 20:58, 0, , , ,
2015-12-09 21:00, DCNN, 4065, 12, 1, AWSDLY, 529, 1011, 11.4, 5.9, , , 6, 6, , , 2015-12-09 21:03, 0, , , ,
2015-12-09 21:00, DCNN, 4077, 12, 1, AWSDLY, 534, 1011, 11.1, 5.5, , , 6, 6, , , 2015-12-09 21:03, 0, , , ,
2015-12-10 09:00, DCNN, 4036, 12, 1, NCM, 513, 1011, 9.2, 6, 5.1, 5.6, 1, 1, 1, 1, 2015-12-10 08:54, 0, , , ,
2015-12-10 09:00, DCNN, 4045, 12, 1, AWSDLY, 516, 1011, 10.7, 6.8, 5.9, , 6, 6, 6, , 2015-12-10 09:04, 0, , , ,
2015-12-10 09:00, DCNN, 4058, 12, 1, NCM, 56958, 1011, 9.8, 5.5, 4.8, , 1, 1, 1, , 2015-12-10 08:58, 0, , , ,
2015-12-10 09:00, DCNN, 4065, 12, 1, AWSDLY, 529, 1011, 11.8, 7.2, 6.3, , 6, 6, 6, , 2015-12-10 09:02, 0, , , ,
2015-12-10 09:00, DCNN, 4077, 12, 1, AWSDLY, 534, 1011, 11.7, 7.3, 6.5, 6.8, 6, 6, 6, 6, 2015-12-10 08:58, 0, , , ,
2015-12-10 21:00, DCNN, 4036, 12, 1, NCM, 513, 1011, 6.2, 4.1, , , 1, 1, , , 2015-12-10 21:34, 208, , , ,
2015-12-10 21:00, DCNN, 4045, 12, 0, AWSDLY, 516, 1012, 7.3, 0, , , 1, 151, , , 2015-12-10 21:05, 0, , , ,
2015-12-10 21:00, DCNN, 4045, 12, 1, AWSDLY, 516, 1011, 7.3, 5, , , 6, 6, , , 2015-12-10 21:05, 0, , , ,
2015-12-10 21:00, DCNN, 4058, 12, 1, NCM, 56958, 1011, 6.2, 3.6, , , 1, 1, , , 2015-12-10 20:56, 0, , , ,
2015-12-10 21:00, DCNN, 4065, 12, 1, AWSDLY, 529, 1011, 8.2, 4.1, , , 6, 6, , , 2015-12-10 21:06, 0, , , ,
2015-12-10 21:00, DCNN, 4077, 12, 1, AWSDLY, 534, 1011, 8, 3.9, , , 6, 6, , , 2015-12-10 20:58, 0, , , ,
2015-12-11 09:00, DCNN, 4036, 12, 1, NCM, 513, 1011, 5.2, 2.8, , , 1, 1, , , 2015-12-11 08:56, 0, , , ,
2015-12-11 09:00, DCNN, 4045, 12, 1, AWSDLY, 516, 1011, 6.2, 3.8, .1, , 6, 6, 6, , 2015-12-11 09:02, 0, , , ,
2015-12-11 09:00, DCNN, 4058, 12, 1, NCM, 56958, 1011, 6.1, 3.2, 1.7, , 1, 1, 1, , 2015-12-11 09:00, 0, , , ,
2015-12-11 09:00, DCNN, 4065, 12, 1, AWSDLY, 529, 1011, 7.7, 4, 1, , 6, 6, 6, , 2015-12-11 09:03, 0, , , ,
2015-12-11 09:00, DCNN, 4077, 12, 1, AWSDLY, 534, 1011, 6.5, 3.8, .6, 1.5, 6, 6, 6, 6, 2015-12-11 09:24, 27, , , ,
2015-12-11 21:00, DCNN, 4036, 12, 1, NCM, 513, 1011, 5.7, 2.1, , , 1, 1, , , 2015-12-11 20:54, 0, , , ,
2015-12-11 21:00, DCNN, 4045, 12, 1, AWSDLY, 516, 1011, 7.1, 3.1, , , 6, 6, , , 2015-12-11 21:03, 0, , , ,
2015-12-11 21:00, DCNN, 4058, 12, 1, NCM, 56958, 1011, 6.1, 3.4, , , 1, 1, , , 2015-12-11 20:56, 0, , , ,
2015-12-11 21:00, DCNN, 4065, 12, 1, AWSDLY, 529, 1011, 7.7, 5, , , 6, 6, , , 2015-12-11 21:37, 205, , , ,
2015-12-11 21:00, DCNN, 4077, 12, 1, AWSDLY, 534, 1011, 7.5, 4, , , 6, 6, , , 2015-12-11 20:58, 0, , , ,
2015-12-12 09:00, DCNN, 4036, 12, 1, NCM, 513, 1011, 5, 2.8, 1.9, 1.5, 1, 1, 1, 1, 2015-12-12 08:58, 0, , , ,
2015-12-12 09:00, DCNN, 4045, 12, 1, AWSDLY, 516, 1011, 6.1, 4.1, .7, , 6, 6, 6, , 2015-12-12 09:03, 0, , , ,
2015-12-12 09:00, DCNN, 4058, 12, 1, NCM, 56958, 1011, 5, 2.6, 2.1, , 1, 1, 1, , 2015-12-12 08:59, 0, , , ,
2015-12-12 09:00, DCNN, 4065, 12, 1, AWSDLY, 529, 1011, 6.6, 4.1, 2.5, , 6, 6, 6, , 2015-12-12 09:03, 0, , , ,
2015-12-12 09:00, DCNN, 4077, 12, 1, AWSDLY, 534, 1011, 6.7, 3.5, -.2, .4, 6, 6, 6, 6, 2015-12-12 08:58, 0, , , ,
2015-12-12 21:00, DCNN, 4036, 12, 1, NCM, 513, 1011, 2.8, .6, , , 1, 1, , , 2015-12-12 21:01, 0, , , ,
2015-12-12 21:00, DCNN, 4045, 12, 0, AWSDLY, 516, 1012, 4, 1.7, , , 151, 1, , , 2015-12-12 21:03, 0, , , ,
2015-12-12 21:00, DCNN, 4045, 12, 1, AWSDLY, 516, 1011, 4.1, 1.7, , , 1006, 6, , , 2015-12-12 21:03, 0, , , ,
2015-12-12 21:00, DCNN, 4058, 12, 1, NCM, 56958, 1011, 10.2, 1, , , 1, 1, , , 2015-12-12 20:57, 0, , , ,
2015-12-12 21:00, DCNN, 4065, 12, 1, AWSDLY, 529, 1011, 7.3, 2.1, , , 6, 6, , , 2015-12-12 21:01, 0, , , ,
2015-12-12 21:00, DCNN, 4077, 12, 1, AWSDLY, 534, 1011, 4.8, 1.8, , , 6, 6, , , 2015-12-12 21:01, 0, , , ,
2015-12-13 09:00, DCNN, 4036, 12, 1, NCM, 513, 1011, 2.5, -1.1, -3.5, -2.8, 1, 1, 1, 1, 2015-12-13 08:55, 0, , , ,
2015-12-13 09:00, DCNN, 4045, 12, 1, AWSDLY, 516, 1011, 3.4, -1.1, -5.2, , 6, 6, 6, , 2015-12-13 09:03, 0, , , ,
2015-12-13 09:00, DCNN, 4058, 12, 1, NCM, 56958, 1011, 2.3, .8, -1.5, , 1, 1, 1, , 2015-12-13 08:56, 0, , , ,
2015-12-13 09:00, DCNN, 4065, 12, 1, AWSDLY, 529, 1011, 3.6, .6, -2.7, , 6, 6, 6, , 2015-12-13 09:03, 0, , , ,
2015-12-13 09:00, DCNN, 4077, 12, 1, AWSDLY, 534, 1011, 3.4, -.8, -3.9, -2.4, 6, 6, 6, 6, 2015-12-13 08:58, 0, , , ,
2015-12-13 21:00, DCNN, 4036, 12, 1, NCM, 513, 1011, 3.1, -.1, , , 1, 1, , , 2015-12-13 20:55, 0, , , ,
2015-12-13 21:00, DCNN, 4045, 12, 1, AWSDLY, 516, 1011, 3.9, -.6, , , 6, 6, , , 2015-12-13 21:03, 0, , , ,
2015-12-13 21:00, DCNN, 4058, 12, 1, NCM, 56958, 1011, 3.6, 1, , , 1, 1, , , 2015-12-13 20:58, 0, , , ,
2015-12-13 21:00, DCNN, 4065, 12, 1, AWSDLY, 529, 1011, 4.5, .9, , , 6, 6, , , 2015-12-13 21:03, 0, , , ,
2015-12-13 21:00, DCNN, 4077, 12, 1, AWSDLY, 534, 1011, 4.3, -.8, , , 6, 6, , , 2015-12-13 20:57, 0, , , ,
2015-12-14 09:00, DCNN, 4036, 12, 1, NCM, 513, 1011, 6.9, 3.1, 2.7, 2.9, 1, 1, 1, 1, 2015-12-14 08:54, 0, , , ,
2015-12-14 09:00, DCNN, 4045, 12, 1, AWSDLY, 516, 1011, 5, 3.9, 3.2, , 6, 6, 6, , 2015-12-14 09:03, 0, , , ,
2015-12-14 09:00, DCNN, 4058, 12, 1, NCM, 56958, 1011, 7.2, 3.6, 2.8, , 1, 1, 1, , 2015-12-14 08:56, 0, , , ,
2015-12-14 09:00, DCNN, 4065, 12, 1, AWSDLY, 529, 1011, 7, 4.5, 3.4, , 6, 6, 6, , 2015-12-14 09:03, 0, , , ,
2015-12-14 09:00, DCNN, 4077, 12, 1, AWSDLY, 534, 1011, 6.1, 4.3, 3.4, 3.6, 6, 6, 6, 6, 2015-12-14 08:58, 0, , , ,
2015-12-14 21:00, DCNN, 4036, 12, 1, NCM, 513, 1011, 7.2, 5.9, , , 1, 1, , , 2015-12-14 20:54, 0, , , ,
2015-12-14 21:00, DCNN, 4045, 12, 1, AWSDLY, 516, 1011, 7, 5, , , 6, 6, , , 2015-12-14 21:05, 0, , , ,
2015-12-14 21:00, DCNN, 4058, 12, 1, NCM, 56958, 1011, 7.4, 6.2, , , 1, 1, , , 2015-12-14 22:29, 0, , , ,
2015-12-14 21:00, DCNN, 4065, 12, 1, AWSDLY, 529, 1011, 8.4, 6.2, , , 6, 6, , , 2015-12-14 21:02, 0, , , ,
2015-12-14 21:00, DCNN, 4077, 12, 1, AWSDLY, 534, 1011, 7.4, 6.1, , , 6, 6, , , 2015-12-14 21:03, 0, , , ,
2015-12-15 09:00, DCNN, 4036, 12, 1, NCM, 513, 1011, 6.1, 5.8, 5.6, 5.5, 1, 1, 1, 1, 2015-12-15 08:54, 0, , , ,
2015-12-15 09:00, DCNN, 4045, 12, 1, AWSDLY, 516, 1011, 6.7, 6.4, 6.3, , 6, 6, 6, , 2015-12-15 09:05, 0, , , ,
2015-12-15 09:00, DCNN, 4058, 12, 1, NCM, 56958, 1011, 6.3, 5.9, 5.8, , 1, 1, 1, , 2015-12-15 09:00, 0, , , ,
2015-12-15 09:00, DCNN, 4065, 12, 1, AWSDLY, 529, 1011, 7.1, 6.7, 6.1, , 6, 6, 6, , 2015-12-15 09:02, 0, , , ,
2015-12-15 09:00, DCNN, 4077, 12, 1, AWSDLY, 534, 1011, 6.8, 6.3, 5.6, 5.6, 6, 6, 6, 6, 2015-12-15 08:58, 0, , , ,
2015-12-15 21:00, DCNN, 4036, 12, 1, NCM, 513, 1011, 9, 6, , , 1, 1, , , 2015-12-15 20:54, 0, , , ,
2015-12-15 21:00, DCNN, 4045, 12, 1, AWSDLY, 516, 1011, 9.7, 6.7, , , 6, 6, , , 2015-12-15 21:04, 0, , , ,
2015-12-15 21:00, DCNN, 4058, 12, 1, NCM, 56958, 1011, 9.2, 6, , , 1, 1, , , 2015-12-15 21:01, 0, , , ,
2015-12-15 21:00, DCNN, 4065, 12, 1, AWSDLY, 529, 1011, 9.9, 7, , , 6, 6, , , 2015-12-15 21:03, 0, , , ,
2015-12-15 21:00, DCNN, 4077, 12, 1, AWSDLY, 534, 1011, 9.7, 6.7, , , 6, 6, , , 2015-12-15 20:58, 0, , , ,
2015-12-16 09:00, DCNN, 4036, 12, 1, NCM, 513, 1011, 11.6, 8.9, 7.9, 7.3, 1, 1, 1, 1, 2015-12-16 08:59, 0, , , ,
2015-12-16 09:00, DCNN, 4045, 12, 1, AWSDLY, 516, 1011, 12.4, 9.5, 8.8, , 6, 6, 6, , 2015-12-16 09:05, 0, , , ,
2015-12-16 09:00, DCNN, 4058, 12, 1, NCM, 56958, 1011, 12, 9.2, 8.3, , 1, 1, 1, , 2015-12-16 08:58, 0, , , ,
2015-12-16 09:00, DCNN, 4065, 12, 1, AWSDLY, 529, 1011, 13.3, 9.8, 9.4, , 6, 6, 6, , 2015-12-16 09:01, 0, , , ,
2015-12-16 09:00, DCNN, 4077, 12, 1, AWSDLY, 534, 1011, 12.8, 9.7, 8.9, 8.5, 6, 6, 6, 6, 2015-12-16 08:59, 0, , , ,
2015-12-16 21:00, DCNN, 4036, 12, 1, NCM, 513, 1011, 11.7, 10.8, , , 1, 1, , , 2015-12-16 20:55, 0, , , ,
2015-12-16 21:00, DCNN, 4045, 12, 1, AWSDLY, 516, 1011, 12.5, 11.6, , , 6, 6, , , 2015-12-16 21:02, 0, , , ,
2015-12-16 21:00, DCNN, 4058, 12, 1, NCM, 56958, 1011, 12, 10.6, , , 1, 1, , , 2015-12-16 20:58, 0, , , ,
2015-12-16 21:00, DCNN, 4065, 12, 1, AWSDLY, 529, 1011, 13.5, 11.2, , , 6, 6, , , 2015-12-16 21:03, 0, , , ,
2015-12-16 21:00, DCNN, 4077, 12, 1, AWSDLY, 534, 1011, 13.2, 10.3, , , 6, 6, , , 2015-12-16 20:58, 0, , , ,
2015-12-17 09:00, DCNN, 4036, 12, 1, NCM, 513, 1011, 13.1, 10.9, 9.4, 8.3, 1, 1, 1, 151, 2015-12-17 08:54, 0, , , ,
2015-12-17 09:00, DCNN, 4045, 12, 1, AWSDLY, 516, 1011, 14.2, 11.7, 7.7, , 6, 6, 6, , 2015-12-17 09:06, 0, , , ,
2015-12-17 09:00, DCNN, 4058, 12, 1, NCM, 56958, 1011, 13.5, 11.2, 9.7, , 1, 1, 1, , 2015-12-17 08:56, 0, , , ,
2015-12-17 09:00, DCNN, 4065, 12, 1, AWSDLY, 529, 1011, 13.2, 10.9, 9.1, , 6, 6, 6, , 2015-12-17 09:03, 0, , , ,
2015-12-17 09:00, DCNN, 4077, 12, 1, AWSDLY, 534, 1011, 12.5, 10, 7.7, 7.8, 6, 6, 6, 6, 2015-12-17 08:58, 0, , , ,
2015-12-17 21:00, DCNN, 4036, 12, 1, NCM, 513, 1011, 12.5, 9.5, , , 1, 1, , , 2015-12-17 20:56, 0, , , ,
2015-12-17 21:00, DCNN, 4045, 12, 1, AWSDLY, 516, 1011, 14, 10.9, , , 6, 6, , , 2015-12-17 21:02, 0, , , ,
2015-12-17 21:00, DCNN, 4058, 12, 1, NCM, 56958, 1011, 13.5, 10.1, , , 1, 1, , , 2015-12-17 20:57, 0, , , ,
2015-12-17 21:00, DCNN, 4065, 12, 1, AWSDLY, 529, 1011, 14.8, 11.5, , , 6, 6, , , 2015-12-17 21:03, 0, , , ,
2015-12-17 21:00, DCNN, 4077, 12, 1, AWSDLY, 534, 1011, 14.8, 11, , , 6, 6, , , 2015-12-17 20:57, 0, , , ,
2015-12-18 09:00, DCNN, 4036, 12, 1, NCM, 513, 1011, 10.2, 8.8, 7.7, 6.9, 1, 1, 1, 1, 2015-12-18 08:56, 0, , , ,
2015-12-18 09:00, DCNN, 4045, 12, 1, AWSDLY, 516, 1011, 11.1, 9.8, 6.7, , 6, 6, 6, , 2015-12-18 09:03, 0, , , ,
2015-12-18 09:00, DCNN, 4058, 12, 1, NCM, 56958, 1011, 10.6, 9.2, 8.2, , 1, 1, 1, , 2015-12-18 08:59, 0, , , ,
2015-12-18 09:00, DCNN, 4065, 12, 1, AWSDLY, 529, 1011, 12.2, 9.2, 6.6, , 6, 6, 6, , 2015-12-18 09:02, 0, , , ,
2015-12-18 09:00, DCNN, 4077, 12, 1, AWSDLY, 534, 1011, 11.9, 10.3, 7.1, 6.6, 6, 6, 6, 6, 2015-12-18 08:58, 0, , , ,
2015-12-18 21:00, DCNN, 4036, 12, 1, NCM, 513, 1011, 10.9, 9, , , 1, 1, , , 2015-12-18 21:01, 0, , , ,
2015-12-18 21:00, DCNN, 4045, 12, 1, AWSDLY, 516, 1011, 12.5, 10.1, , , 6, 6, , , 2015-12-18 21:03, 0, , , ,
2015-12-18 21:00, DCNN, 4058, 12, 1, NCM, 56958, 1011, 12.1, 9.6, , , 1, 1, , , 2015-12-18 20:59, 0, , , ,
2015-12-18 21:00, DCNN, 4065, 12, 1, AWSDLY, 529, 1011, 12.9, 8.2, , , 6, 6, , , 2015-12-18 21:01, 0, , , ,
2015-12-18 21:00, DCNN, 4077, 12, 1, AWSDLY, 534, 1011, 13.1, 10.6, , , 6, 6, , , 2015-12-18 20:57, 0, , , ,
2015-12-19 09:00, DCNN, 4036, 12, 1, NCM, 513, 1011, 14.3, 10.6, 8.7, 7.7, 1, 1, 1, 1, 2015-12-19 08:57, 0, , , ,
2015-12-19 09:00, DCNN, 4045, 12, 1, AWSDLY, 516, 1011, 15.8, 12.2, 8.7, , 6, 6, 6, , 2015-12-19 09:02, 0, , , ,
2015-12-19 09:00, DCNN, 4058, 12, 1, NCM, 56958, 1011, 14.6, 11.6, 10, , 1, 1, 1, , 2015-12-19 08:57, 0, , , ,
2015-12-19 09:00, DCNN, 4065, 12, 1, AWSDLY, 529, 1011, 15.5, 11.7, 10.4, , 6, 6, 6, , 2015-12-19 09:03, 0, , , ,
2015-12-19 09:00, DCNN, 4077, 12, 1, AWSDLY, 534, 1011, 15.7, 11.8, 10.6, 9.9, 6, 6, 6, 6, 2015-12-19 08:58, 0, , , ,
2015-12-19 21:00, DCNN, 4036, 12, 1, NCM, 513, 1011, 14, 12.5, , , 1, 1, , , 2015-12-19 21:04, 0, , , ,
2015-12-19 21:00, DCNN, 4045, 12, 0, AWSDLY, 516, 1012, 15.6, 13.7, , , 151, 1, , , 2015-12-19 21:02, 0, , , ,
2015-12-19 21:00, DCNN, 4045, 12, 1, AWSDLY, 516, 1011, 15.7, 13.7, , , 1006, 6, , , 2015-12-19 21:02, 0, , , ,
2015-12-19 21:00, DCNN, 4058, 12, 1, NCM, 56958, 1011, 14.3, 12.5, , , 1, 1, , , 2015-12-19 20:58, 0, , , ,
2015-12-19 21:00, DCNN, 4065, 12, 1, AWSDLY, 529, 1011, 15.4, 13.7, , , 6, 6, , , 2015-12-19 21:05, 0, , , ,
2015-12-19 21:00, DCNN, 4077, 12, 1, AWSDLY, 534, 1011, 15.7, 13.9, , , 6, 6, , , 2015-12-19 20:58, 0, , , ,
2015-12-20 09:00, DCNN, 4036, 12, 1, NCM, 513, 1011, 13.3, 8, 6.4, 5.9, 1, 1, 1, 1, 2015-12-20 08:56, 0, , , ,
2015-12-20 09:00, DCNN, 4045, 12, 1, AWSDLY, 516, 1011, 14.6, 9.2, 6, , 6, 6, 6, , 2015-12-20 09:04, 0, , , ,
2015-12-20 09:00, DCNN, 4058, 12, 1, NCM, 56958, 1011, 13.7, 8.2, 7.1, , 1, 1, 1, , 2015-12-20 08:59, 0, , , ,
2015-12-20 09:00, DCNN, 4065, 12, 1, AWSDLY, 529, 1011, 14.5, 9.5, 8, , 6, 6, 6, , 2015-12-20 09:02, 0, , , ,
2015-12-20 09:00, DCNN, 4077, 12, 1, AWSDLY, 534, 1011, 14.8, 9.8, 7.8, 7.2, 6, 6, 6, 6, 2015-12-20 08:57, 0, , , ,
2015-12-20 21:00, DCNN, 4036, 12, 1, NCM, 513, 1011, 9.6, 6.7, , , 1, 1, , , 2015-12-20 20:56, 0, , , ,
2015-12-20 21:00, DCNN, 4045, 12, 1, AWSDLY, 516, 1011, 11.1, 8, , , 6, 6, , , 2015-12-20 21:03, 0, , , ,
2015-12-20 21:00, DCNN, 4058, 12, 1, NCM, 56958, 1011, 10, 7.3, , , 1, 1, , , 2015-12-20 20:57, 0, , , ,
2015-12-20 21:00, DCNN, 4065, 12, 1, AWSDLY, 529, 1011, 11.9, 8.3, , , 6, 6, , , 2015-12-20 21:03, 0, , , ,
2015-12-20 21:00, DCNN, 4077, 12, 1, AWSDLY, 534, 1011, 11.8, 8.8, , , 6, 6, , , 2015-12-20 20:58, 0, , , ,
2015-12-21 09:00, DCNN, 4036, 12, 1, NCM, 513, 1011, 7.3, 4.5, 3.1, 2.4, 1, 1, 1, 1, 2015-12-21 08:56, 0, , , ,
2015-12-21 09:00, DCNN, 4045, 12, 1, AWSDLY, 516, 1011, 8.7, 5.6, 2.3, , 6, 6, 6, , 2015-12-21 09:02, 0, , , ,
2015-12-21 09:00, DCNN, 4058, 12, 1, NCM, 56958, 1011, 8.4, 4.8, 3.6, , 1, 1, 1, , 2015-12-21 08:59, 0, , , ,
2015-12-21 09:00, DCNN, 4065, 12, 1, AWSDLY, 529, 1011, 9, 5.4, 3.7, , 6, 6, 6, , 2015-12-21 09:05, 0, , , ,
2015-12-21 09:00, DCNN, 4077, 12, 1, AWSDLY, 534, 1011, 9.3, 5.6, 3.1, 2.8, 6, 6, 6, 6, 2015-12-21 08:58, 0, , , ,
2015-12-21 21:00, DCNN, 4036, 12, 1, NCM, 513, 1011, 9.2, 4.4, , , 1, 1, , , 2015-12-21 22:13, 169, , , ,
2015-12-21 21:00, DCNN, 4045, 12, 1, AWSDLY, 516, 1011, 10.2, 5.6, , , 6, 6, , , 2015-12-21 21:04, 0, , , ,
2015-12-21 21:00, DCNN, 4058, 12, 1, NCM, 56958, 1011, 9.4, 5.3, , , 1, 1, , , 2015-12-21 22:18, 164, , , ,
2015-12-21 21:00, DCNN, 4065, 12, 1, AWSDLY, 529, 1011, 11.4, 5.8, , , 6, 6, , , 2015-12-21 21:02, 0, , , ,
2015-12-21 21:00, DCNN, 4077, 12, 1, AWSDLY, 534, 1011, 11.2, 6.3, , , 6, 6, , , 2015-12-21 20:58, 0, , , ,
2015-12-22 09:00, DCNN, 4036, 12, 1, NCM, 513, 1011, 12, 6.2, 4.9, 4, 1, 1, 1, 1, 2015-12-22 09:00, 0, , , ,
2015-12-22 09:00, DCNN, 4045, 12, 1, AWSDLY, 516, 1011, 13.4, 7.5, 3.7, , 6, 6, 6, , 2015-12-22 09:03, 0, , , ,
2015-12-22 09:00, DCNN, 4058, 12, 1, NCM, 56958, 1011, 12.6, 7.3, 5.9, , 1, 1, 1, , 2015-12-22 08:58, 0, , , ,
2015-12-22 09:00, DCNN, 4065, 12, 1, AWSDLY, 529, 1011, 14.5, 7.4, 5.2, , 6, 6, 6, , 2015-12-22 09:03, 0, , , ,
2015-12-22 09:00, DCNN, 4077, 12, 1, AWSDLY, 534, 1011, 14.5, 7.2, 5.1, 4.2, 6, 6, 6, 6, 2015-12-22 08:58, 0, , , ,
2015-12-22 21:00, DCNN, 4036, 12, 1, NCM, 513, 1011, 12, 7, , , 1, 1, , , 2015-12-22 20:56, 0, , , ,
2015-12-22 21:00, DCNN, 4045, 12, 1, AWSDLY, 516, 1011, 13.5, 8.3, , , 6, 6, , , 2015-12-22 21:03, 0, , , ,
2015-12-22 21:00, DCNN, 4058, 12, 0, NCM, 56958, 1012, 9.4, 6.2, , , 151, 1, , , 2015-12-22 21:53, 189, , , ,
2015-12-22 21:00, DCNN, 4058, 12, 1, NCM, 56958, 1022, 12.3, 6.2, , , 2301, 1, , , 2015-12-29 09:32, 0, , , ,
2015-12-22 21:00, DCNN, 4065, 12, 1, AWSDLY, 529, 1011, 14.5, 9.2, , , 6, 6, , , 2015-12-22 21:02, 0, , , ,
2015-12-22 21:00, DCNN, 4077, 12, 1, AWSDLY, 534, 1011, 14.5, 8.9, , , 6, 6, , , 2015-12-22 21:23, 0, , , ,
2015-12-23 09:00, DCNN, 4036, 12, 1, NCM, 513, 1011, 7.3, 4.2, 2.6, 2.3, 1, 1, 1, 1, 2015-12-23 08:53, 0, , , ,
2015-12-23 09:00, DCNN, 4045, 12, 1, AWSDLY, 516, 1011, 8.5, 5.3, 1.8, , 6, 6, 6, , 2015-12-23 09:02, 0, , , ,
2015-12-23 09:00, DCNN, 4058, 12, 1, NCM, 56958, 1011, 7.9, 4.5, 3.3, , 1, 1, 1, , 2015-12-23 08:58, 0, , , ,
2015-12-23 09:00, DCNN, 4065, 12, 1, AWSDLY, 529, 1011, 9.6, 6.3, 4.6, , 6, 6, 6, , 2015-12-23 09:03, 0, , , ,
2015-12-23 09:00, DCNN, 4077, 12, 1, AWSDLY, 534, 1011, 9.4, 6.1, 3.8, 3.8, 6, 6, 6, 6, 2015-12-23 08:57, 0, , , ,
2015-12-23 21:00, DCNN, 4036, 12, 1, NCM, 513, 1011, 7.4, 4.2, , , 1, 1, , , 2015-12-23 20:56, 0, , , ,
2015-12-23 21:00, DCNN, 4045, 12, 1, AWSDLY, 516, 1011, 8.3, 5.5, , , 6, 6, , , 2015-12-23 21:03, 0, , , ,
2015-12-23 21:00, DCNN, 4058, 12, 1, NCM, 56958, 1011, 7.5, 4.7, , , 1, 1, , , 2015-12-23 20:58, 0, , , ,
2015-12-23 21:00, DCNN, 4065, 12, 1, AWSDLY, 529, 1011, 9.4, 6.5, , , 6, 6, , , 2015-12-23 21:03, 0, , , ,
2015-12-23 21:00, DCNN, 4077, 12, 1, AWSDLY, 534, 1011, 9.1, 6, , , 6, 6, , , 2015-12-23 20:58, 0, , , ,
2015-12-24 09:00, DCNN, 4036, 12, 1, NCM, 513, 1011, 10.1, 7.2, 4.3, 3.3, 1, 1, 1, 1, 2015-12-24 08:58, 0, , , ,
2015-12-24 09:00, DCNN, 4045, 12, 1, AWSDLY, 516, 1011, 11.4, 8.1, 4, , 6, 6, 6, , 2015-12-24 09:05, 0, , , ,
2015-12-24 09:00, DCNN, 4058, 12, 1, NCM, 56958, 1011, 10.2, 6.1, 4.8, , 1, 1, 1, , 2015-12-24 08:56, 0, , , ,
2015-12-24 09:00, DCNN, 4065, 12, 1, AWSDLY, 529, 1011, 11.3, 7, 4.3, , 6, 6, 6, , 2015-12-24 09:01, 0, , , ,
2015-12-24 09:00, DCNN, 4077, 12, 1, AWSDLY, 534, 1011, 11.5, 6.5, 4.2, 3.6, 6, 6, 6, 6, 2015-12-24 08:58, 0, , , ,
2015-12-24 21:00, DCNN, 4036, 12, 1, NCM, 513, 1011, 9.6, 2.7, , , 1, 1, , , 2015-12-24 20:56, 0, , , ,
2015-12-24 21:00, DCNN, 4045, 12, 1, AWSDLY, 516, 1011, 10.7, 4, , , 6, 6, , , 2015-12-24 21:02, 0, , , ,
2015-12-24 21:00, DCNN, 4058, 12, 1, NCM, 56958, 1011, 9.6, 2.9, , , 1, 1, , , 2015-12-24 20:59, 0, , , ,
2015-12-24 21:00, DCNN, 4065, 12, 1, AWSDLY, 529, 1011, 11.3, 4.8, , , 6, 6, , , 2015-12-24 21:04, 0, , , ,
2015-12-24 21:00, DCNN, 4077, 12, 1, AWSDLY, 534, 1011, 11.5, 4.5, , , 6, 6, , , 2015-12-24 20:57, 0, , , ,
2015-12-25 09:00, DCNN, 4036, 12, 1, NCM, 513, 1011, 4.1, 1.6, .2, -.4, 1, 1, 1, 1, 2015-12-25 08:57, 0, , , ,
2015-12-25 09:00, DCNN, 4045, 12, 1, AWSDLY, 516, 1011, 4.9, 3, -.9, , 6, 6, 6, , 2015-12-25 09:03, 0, , , ,
2015-12-25 09:00, DCNN, 4058, 12, 1, NCM, 56958, 1011, 4.9, 2.6, 1.5, , 1, 1, 1, , 2015-12-25 08:59, 0, , , ,
2015-12-25 09:00, DCNN, 4065, 12, 1, AWSDLY, 529, 1011, 5.6, 3.3, 1.3, , 6, 6, 6, , 2015-12-25 09:01, 0, , , ,
2015-12-25 09:00, DCNN, 4077, 12, 1, AWSDLY, 534, 1011, 5.2, 2.5, -.3, .2, 6, 6, 6, 6, 2015-12-25 08:57, 0, , , ,
2015-12-25 21:00, DCNN, 4036, 12, 1, NCM, 513, 1011, 11.1, 3.9, , , 1, 1, , , 2015-12-25 20:56, 0, , , ,
2015-12-25 21:00, DCNN, 4045, 12, 1, AWSDLY, 516, 1011, 11.9, 4.7, , , 6, 6, , , 2015-12-25 21:03, 0, , , ,
2015-12-25 21:00, DCNN, 4058, 12, 1, NCM, 56958, 1011, 12.1, 3.8, , , 1, 1, , , 2015-12-25 20:59, 0, , , ,
2015-12-25 21:00, DCNN, 4065, 12, 0, AWSDLY, 529, 1012, 14.4, 4.2, , , 1, 151, , , 2015-12-25 21:01, 0, , , ,
2015-12-25 21:00, DCNN, 4065, 12, 1, AWSDLY, 529, 1011, 14.4, 4.1, , , 6, 1006, , , 2015-12-25 21:01, 0, , , ,
2015-12-25 21:00, DCNN, 4077, 12, 1, AWSDLY, 534, 1011, 12.4, 2.4, , , 6, 6, , , 2015-12-25 20:58, 0, , , ,
2015-12-26 09:00, DCNN, 4036, 12, 1, NCM, 513, 1011, 11.8, 9.5, 8.9, 7.7, 1, 1, 1, 151, 2015-12-26 08:53, 0, , , ,
2015-12-26 09:00, DCNN, 4045, 12, 1, AWSDLY, 516, 1011, 12.8, 10.4, 8.5, , 6, 6, 6, , 2015-12-26 09:07, 0, , , ,
2015-12-26 09:00, DCNN, 4058, 12, 1, NCM, 56958, 1011, 12.1, 11.1, 10.3, , 1, 1, 1, , 2015-12-26 09:00, 0, , , ,
2015-12-26 09:00, DCNN, 4065, 12, 1, AWSDLY, 529, 1011, 14.3, 12.1, 9.5, , 6, 6, 6, , 2015-12-26 09:03, 0, , , ,
2015-12-26 09:00, DCNN, 4077, 12, 1, AWSDLY, 534, 1011, 13.1, 9.4, 7.5, 6.8, 6, 6, 6, 6, 2015-12-26 08:57, 0, , , ,
2015-12-26 21:00, DCNN, 4036, 12, 1, NCM, 513, 1011, 12.3, 9.5, , , 1, 1, , , 2015-12-26 20:56, 0, , , ,
2015-12-26 21:00, DCNN, 4045, 12, 1, AWSDLY, 516, 1011, 13.7, 10, , , 6, 6, , , 2015-12-26 21:02, 0, , , ,
2015-12-26 21:00, DCNN, 4058, 12, 1, NCM, 56958, 1011, 13.1, 10, , , 1, 1, , , 2015-12-26 20:57, 0, , , ,
2015-12-26 21:00, DCNN, 4065, 12, 1, AWSDLY, 529, 1011, 14.9, 11.7, , , 6, 6, , , 2015-12-26 21:01, 0, , , ,
2015-12-26 21:00, DCNN, 4077, 12, 1, AWSDLY, 534, 1011, 14.7, 10.3, , , 6, 6, , , 2015-12-26 20:57, 0, , , ,
2015-12-27 09:00, DCNN, 4036, 12, 1, NCM, 513, 1011, 11.1, 3.3, .2, 1.1, 1, 1, 1, 1, 2015-12-27 08:58, 0, , , ,
2015-12-27 09:00, DCNN, 4045, 12, 1, AWSDLY, 516, 1011, 12.3, 3.9, -1, , 6, 6, 6, , 2015-12-27 09:02, 0, , , ,
2015-12-27 09:00, DCNN, 4058, 12, 1, NCM, 56958, 1011, 11, 3.8, 2.4, , 1, 1, 1, , 2015-12-27 08:58, 0, , , ,
2015-12-27 09:00, DCNN, 4065, 12, 1, AWSDLY, 529, 1011, 13.2, 5.2, 2.6, , 6, 6, 6, , 2015-12-27 09:01, 0, , , ,
2015-12-27 09:00, DCNN, 4077, 12, 0, AWSDLY, 534, 1012, 13.1, 4, .6, 2.1, 151, 1, 1, 1, 2015-12-27 08:58, 0, , , ,
2015-12-27 09:00, DCNN, 4077, 12, 1, AWSDLY, 534, 1011, 13.2, 4, .6, 2.1, 1006, 6, 6, 6, 2015-12-27 08:58, 0, , , ,
2015-12-27 21:00, DCNN, 4036, 12, 1, NCM, 513, 1011, 8.3, 3.8, , , 1, 1, , , 2015-12-27 20:57, 0, , , ,
2015-12-27 21:00, DCNN, 4045, 12, 1, AWSDLY, 516, 1011, 10.1, 4.8, , , 6, 6, , , 2015-12-27 21:02, 0, , , ,
2015-12-27 21:00, DCNN, 4058, 12, 1, NCM, 56958, 1011, 9.2, 3.6, , , 1, 1, , , 2015-12-27 20:57, 0, , , ,
2015-12-27 21:00, DCNN, 4065, 12, 1, AWSDLY, 529, 1011, 9.3, 5.1, , , 6, 6, , , 2015-12-27 21:04, 0, , , ,
2015-12-27 21:00, DCNN, 4077, 12, 1, AWSDLY, 534, 1011, 9, 4.1, , , 6, 6, , , 2015-12-27 20:57, 0, , , ,
2015-12-28 09:00, DCNN, 4036, 12, 1, NCM, 513, 1011, 10, 6.5, 5.1, 5.2, 1, 1, 1, 1, 2015-12-28 08:57, 0, , , ,
2015-12-28 09:00, DCNN, 4045, 12, 1, AWSDLY, 516, 1011, 10.2, 7.8, 6.3, , 6, 6, 6, , 2015-12-28 09:03, 0, , , ,
2015-12-28 09:00, DCNN, 4058, 12, 1, NCM, 56958, 1011, 10.7, 7.8, 7.1, , 1, 1, 1, , 2015-12-28 08:59, 0, , , ,
2015-12-28 09:00, DCNN, 4065, 12, 1, AWSDLY, 529, 1011, 10.8, 7.7, 5, , 6, 6, 6, , 2015-12-28 09:02, 0, , , ,
2015-12-28 09:00, DCNN, 4077, 12, 1, AWSDLY, 534, 1011, 10.3, 8.4, 6.9, 6.4, 6, 6, 6, 6, 2015-12-28 08:58, 0, , , ,
2015-12-28 21:00, DCNN, 4036, 12, 1, NCM, 513, 1011, 9, 7, , , 1, 1, , , 2015-12-28 20:53, 0, , , ,
2015-12-28 21:00, DCNN, 4045, 12, 1, AWSDLY, 516, 1011, 9.5, 8.1, , , 6, 6, , , 2015-12-28 21:03, 0, , , ,
2015-12-28 21:00, DCNN, 4058, 12, 1, NCM, 56958, 1011, 8.4, 7.3, , , 1, 1, , , 2015-12-28 20:56, 0, , , ,
2015-12-28 21:00, DCNN, 4065, 12, 1, AWSDLY, 529, 1011, 9.4, 8.3, , , 6, 6, , , 2015-12-28 21:02, 0, , , ,
2015-12-28 21:00, DCNN, 4077, 12, 1, AWSDLY, 534, 1011, 9.5, 8.3, , , 6, 6, , , 2015-12-28 20:58, 0, , , ,
2015-12-29 09:00, DCNN, 4036, 12, 1, NCM, 513, 1011, 10.8, 7.5, 5.5, 5, 1, 1, 1, 1, 2015-12-29 08:54, 0, , , ,
2015-12-29 09:00, DCNN, 4045, 12, 1, AWSDLY, 516, 1011, 11.8, 8.8, 5.2, , 6, 6, 6, , 2015-12-29 09:03, 0, , , ,
2015-12-29 09:00, DCNN, 4058, 12, 1, NCM, 56958, 1011, 10.2, 7.2, 5.4, , 1, 1, 1, , 2015-12-29 08:57, 0, , , ,
2015-12-29 09:00, DCNN, 4065, 12, 1, AWSDLY, 529, 1011, 11.3, 8.4, 6.2, , 6, 6, 6, , 2015-12-29 09:02, 0, , , ,
2015-12-29 09:00, DCNN, 4077, 12, 1, AWSDLY, 534, 1011, 11.4, 8.2, 7, 6.4, 6, 6, 6, 6, 2015-12-29 09:27, 24, , , ,
2015-12-29 21:00, DCNN, 4036, 12, 1, NCM, 513, 1011, 9.2, 7.4, , , 1, 1, , , 2015-12-29 20:55, 0, , , ,
2015-12-29 21:00, DCNN, 4045, 12, 1, AWSDLY, 516, 1011, 10.6, 7.9, , , 6, 6, , , 2015-12-29 21:02, 0, , , ,
2015-12-29 21:00, DCNN, 4058, 12, 1, NCM, 56958, 1011, 9.6, 6.8, , , 1, 1, , , 2015-12-29 20:59, 0, , , ,
2015-12-29 21:00, DCNN, 4065, 12, 1, AWSDLY, 529, 1011, 11, 7.9, , , 6, 6, , , 2015-12-29 21:01, 0, , , ,
2015-12-29 21:00, DCNN, 4077, 12, 1, AWSDLY, 534, 1011, 10.7, 7.8, , , 6, 6, , , 2015-12-29 20:57, 0, , , ,
2015-12-30 09:00, DCNN, 4036, 12, 1, NCM, 513, 1011, 12.5, 8.5, 6.1, 5.2, 1, 1, 1, 1, 2015-12-30 08:54, 0, , , ,
2015-12-30 09:00, DCNN, 4045, 12, 1, AWSDLY, 516, 1011, 13.5, 9.2, 5.7, , 6, 6, 6, , 2015-12-30 09:06, 0, , , ,
2015-12-30 09:00, DCNN, 4058, 12, 1, NCM, 56958, 1011, 11.6, 7.8, 5.7, , 1, 1, 1, , 2015-12-30 08:59, 0, , , ,
2015-12-30 09:00, DCNN, 4065, 12, 1, AWSDLY, 529, 1011, 12.8, 8.9, 6.6, , 6, 6, 6, , 2015-12-30 09:01, 0, , , ,
2015-12-30 09:00, DCNN, 4077, 12, 1, AWSDLY, 534, 1011, 12.9, 8.5, 6.6, 5.8, 6, 6, 6, 6, 2015-12-30 09:00, 0, , , ,
2015-12-30 21:00, DCNN, 4036, 12, 1, NCM, 513, 1011, 12.4, 6.1, , , 1, 1, , , 2015-12-30 20:54, 0, , , ,
2015-12-30 21:00, DCNN, 4045, 12, 1, AWSDLY, 516, 1011, 12.4, 6.7, , , 6, 6, , , 2015-12-30 21:04, 0, , , ,
2015-12-30 21:00, DCNN, 4058, 12, 1, NCM, 56958, 1011, 10.4, 5.8, , , 1, 1, , , 2015-12-30 20:58, 0, , , ,
2015-12-30 21:00, DCNN, 4065, 12, 1, AWSDLY, 529, 1011, 12.2, 7.3, , , 6, 6, , , 2015-12-30 21:03, 0, , , ,
2015-12-30 21:00, DCNN, 4077, 12, 1, AWSDLY, 534, 1011, 12.9, 7.1, , , 6, 6, , , 2015-12-30 20:57, 0, , , ,
2015-12-31 09:00, DCNN, 4036, 12, 1, NCM, 513, 1011, 6.1, 3.7, 2.7, 2.5, 1, 1, 1, 1, 2015-12-31 08:56, 0, , , ,
2015-12-31 09:00, DCNN, 4045, 12, 1, AWSDLY, 516, 1011, 6.7, 4.3, -.8, , 6, 6, 6, , 2015-12-31 09:06, 0, , , ,
2015-12-31 09:00, DCNN, 4058, 12, 1, NCM, 56958, 1011, 5.8, 3.7, 2.8, , 1, 1, 1, , 2015-12-31 08:57, 0, , , ,
2015-12-31 09:00, DCNN, 4065, 12, 1, AWSDLY, 529, 1011, 7.4, 4.1, .7, , 6, 6, 6, , 2015-12-31 09:05, 0, , , ,
2015-12-31 09:00, DCNN, 4077, 12, 1, AWSDLY, 534, 1011, 7.1, 4.4, .7, 2.6, 6, 6, 6, 6, 2015-12-31 08:57, 0, , , ,
2015-12-31 21:00, DCNN, 4036, 12, 1, NCM, 513, 1011, 7.2, 2.9, , , 1, 1, , , 2015-12-31 20:57, 0, , , ,
2015-12-31 21:00, DCNN, 4045, 12, 1, AWSDLY, 516, 1011, 8.6, 3.8, , , 6, 6, , , 2015-12-31 21:04, 0, , , ,
2015-12-31 21:00, DCNN, 4058, 12, 1, NCM, 56958, 1011, 7.2, 2.8, , , 1, 1, , , 2015-12-31 20:57, 0, , , ,
2015-12-31 21:00, DCNN, 4065, 12, 1, AWSDLY, 529, 1011, 8.7, 4.6, , , 6, 6, , , 2015-12-31 21:02, 0, , , ,
2015-12-31 21:00, DCNN, 4077, 12, 1, AWSDLY, 534, 1011, 8.5, 4.7, , , 6, 6, , , 2015-12-31 20:57, 0, , , ,
